MovieID,PersonID,PopularityOnRelease,Job,Department
40454,4091,3.185,Actor,Acting
40454,7303,6.502,Actor,Acting
40454,8828,7.42,Actor,Acting
40454,2436,4.85,Actor,Acting
40454,11168,3.941,Actor,Acting
40454,6856,14.44,Actor,Acting
40454,137831,1.713,Actor,Acting
40454,176543,1.527,Actor,Acting
40454,1213024,2.304,Actor,Acting
40454,30501,2.105,Actor,Acting
40454,24323,1.24,Actor,Acting
40454,86369,5.085,Actor,Acting
40454,114957,4.678,Actor,Acting
40454,83149,3.602,Actor,Acting
40454,1243355,0.6,Actor,Acting
40454,2645,1.994,Actor,Acting
40454,120070,3.62,Actor,Acting
40454,198116,0.6,Actor,Acting
40454,39998,1.214,Actor,Acting
40454,2106,12.045,Producer,Production
40454,2117,1.223,Sound Supervisor,Sound
40454,12344,0.84,Director of Photography,Camera
40454,13569,1.362,Novel,Writing
40454,57337,0.84,Original Music Composer,Sound
40454,83413,0.608,Director,Directing
40454,109454,0.694,Editor,Editing
40454,1237011,0.6,Screenplay,Writing
27932,10017,16.78,Actor,Acting
27932,8963,5.23,Actor,Acting
27932,12950,4.07,Actor,Acting
27932,34981,5.376,Actor,Acting
27932,40168,3.47,Actor,Acting
27932,553509,1.703,Actor,Acting
27932,37366,13.483,Actor,Acting
27932,13578,8.492,Actor,Acting
27932,6178,17.027,Actor,Acting
27932,8902,1.787,Actor,Acting
27932,13577,3.402,Actor,Acting
27932,89040,3.563,Actor,Acting
27932,8631,4.548,Actor,Acting
27932,151644,6.023,Actor,Acting
27932,10022,6.314,Actor,Acting
27932,26042,17.025,Actor,Acting
27932,14064,2.422,Actor,Acting
27932,19403,5.986,Actor,Acting
27932,83987,6.935,Actor,Acting
27932,13260,18.95,Actor,Acting
27932,93655,7.893,Actor,Acting
27932,102209,14.905,Actor,Acting
27932,151447,0.777,Actor,Acting
27932,1241168,0.6,Actor,Acting
27932,1229756,0.6,Actor,Acting
27932,99937,0.98,Actor,Acting
27932,83788,6.119,Actor,Acting
27932,77482,6.657,Actor,Acting
27932,124131,4.215,Actor,Acting
27932,132621,2.61,Actor,Acting
27932,103707,1.446,Actor,Acting
27932,30844,3.731,Actor,Acting
27932,12424,5.735,Actor,Acting
27932,3154862,0.6,Actor,Acting
27932,73177,5.673,Actor,Acting
27932,160142,6.392,Actor,Acting
27932,8629,7.728,Actor,Acting
27932,544815,0.6,Actor,Acting
27932,152587,1.115,Actor,Acting
27932,3353549,0.6,Actor,Acting
27932,1768121,0.6,Actor,Acting
27932,3032628,0.6,Actor,Acting
27932,1240847,0.6,Actor,Acting
27932,141418,2.864,Actor,Acting
27932,97257,5.145,Actor,Acting
27932,3353605,0.6,Actor,Acting
27932,1498668,0.6,Actor,Acting
27932,1410800,0.98,Actor,Acting
27932,164770,1.96,Actor,Acting
27932,1853655,0.6,Actor,Acting
27932,3353606,0.6,Actor,Acting
27932,119711,1.96,Actor,Acting
27932,2576492,0.6,Actor,Acting
27932,83398,1.368,Actor,Acting
27932,1501356,0.6,Actor,Acting
27932,2546979,0.6,Actor,Acting
27932,3137301,0.6,Actor,Acting
27932,1814587,0.6,Actor,Acting
27932,118482,0.75,Actor,Acting
27932,83992,3.284,Actor,Acting
27932,16200,2.926,Actor,Acting
27932,4679,1.048,Actor,Acting
27932,141400,2.063,Actor,Acting
27932,151521,0.84,Actor,Acting
27932,158939,1.048,Actor,Acting
27932,19110,9.481,Actor,Acting
27932,34973,4.258,Actor,Acting
27932,88907,0.828,Actor,Acting
27932,116565,0.6,Actor,Acting
27932,70947,2.753,Actor,Acting
27932,122154,6.198,Actor,Acting
27932,2222033,0.6,Actor,Acting
27932,1939,1.551,Director of Photography,Camera
27932,4350,2.26,Costume Design,Costume & Make-Up
27932,16196,0.6,Sound Editor,Sound
27932,14825,0.6,Executive Producer,Production
27932,30422,4.184,Director,Directing
27932,52096,1.4,Novel,Writing
27932,52100,0.836,Producer,Production
27932,33911,1.356,Original Music Composer,Sound
27932,15773,1.029,Writer,Writing
27932,570728,0.648,Editor,Editing
27932,1147355,0.6,Art Direction,Art
27932,1912396,0.6,Unit Production Manager,Production
27932,2271633,0.6,Still Photographer,Camera
10003,5576,123.783,Actor,Acting
10003,1951,46.444,Actor,Acting
10003,1118,9.273,Actor,Acting
10003,7030,3.52,Actor,Acting
10003,2629,12.234,Actor,Acting
10003,742,9.967,Actor,Acting
10003,146399,4.494,Actor,Acting
10003,90356,4.168,Actor,Acting
10003,87416,2.153,Actor,Acting
10003,1246,7.811,Actor,Acting
10003,955006,5.694,Actor,Acting
10003,34515,4.239,Actor,Acting
10003,2478,18.722,Actor,Acting
10003,1079977,0.6,Actor,Acting
10003,1810376,0.98,Actor,Acting
10003,188468,3.808,Actor,Acting
10003,1079978,1.428,Actor,Acting
10003,1079979,0.6,Actor,Acting
10003,7032,1.333,Actor,Acting
10003,238702,0.84,Actor,Acting
10003,1079980,0.972,Actor,Acting
10003,70883,8.561,Actor,Acting
10003,27172,6.32,Actor,Acting
10003,79954,1.416,Actor,Acting
10003,166258,0.961,Actor,Acting
10003,116126,2.883,Actor,Acting
10003,128719,4.211,Actor,Acting
10003,10222,6.807,Actor,Acting
10003,1079976,1.4,Actor,Acting
10003,876,2.148,Screenplay,Writing
10003,5912,5.538,Original Music Composer,Sound
10003,2485,1.422,Casting,Production
10003,4142,5.151,Casting,Production
10003,4611,1.646,Producer,Production
10003,5056,1.535,Editor,Editing
10003,5322,1.62,Producer,Production
10003,9990,0.971,Production Design,Art
10003,10709,2.434,Director of Photography,Camera
10003,12288,3.014,Producer,Production
10003,13015,7.697,Director,Directing
10003,17880,2.132,Screenplay,Writing
10003,42995,1.547,Executive Producer,Production
10003,61820,1.285,Producer,Production
10003,61821,1.22,Executive Producer,Production
10003,125888,1.644,Production Manager,Production
10003,133223,0.6,Characters,Writing
10003,1034749,0.98,Producer,Production
10003,2780308,0.6,Assistant Production Manager,Production
2268,2227,19.002,Actor,Acting
2268,8784,15.716,Actor,Acting
2268,45589,15.826,Actor,Acting
2268,45585,7.273,Actor,Acting
2268,1281,41.274,Actor,Acting
2268,1327,18.709,Actor,Acting
2268,10912,33.017,Actor,Acting
2268,20070,6.741,Actor,Acting
2268,14011,7.636,Actor,Acting
2268,6972,18.569,Actor,Acting
2268,16431,28.657,Actor,Acting
2268,113,7.482,Actor,Acting
2268,5470,13.964,Actor,Acting
2268,10465,2.219,Actor,Acting
2268,8534,12.556,Actor,Acting
2268,16358,7.644,Actor,Acting
2268,45587,3.504,Actor,Acting
2268,45586,1.805,Actor,Acting
2268,937,12.403,Actor,Acting
2268,45588,10.314,Actor,Acting
2268,142389,9.179,Actor,Acting
2268,1815740,4.626,Actor,Acting
2268,28959,1.094,Actor,Acting
2268,1411061,2.259,Actor,Acting
2268,40670,1.581,Actor,Acting
2268,63608,10.06,Actor,Acting
2268,6985,3.542,Actor,Acting
2268,56103,10.746,Actor,Acting
2268,218186,4.439,Actor,Acting
2268,16697,2.59,Actor,Acting
2268,2488572,0.692,Actor,Acting
2268,2488573,0.6,Actor,Acting
2268,1244467,1.119,Actor,Acting
2268,2488574,0.6,Actor,Acting
2268,203552,0.793,Actor,Acting
2268,1920196,0.6,Actor,Acting
2268,1896892,1.62,Actor,Acting
2268,51120,9.374,Actor,Acting
2268,1075144,3.287,Actor,Acting
2268,1132749,4.134,Actor,Acting
2268,1121204,0.766,Actor,Acting
2268,1563381,1.228,Actor,Acting
2268,2208974,0.716,Actor,Acting
2268,1763162,0.6,Actor,Acting
2268,2488575,0.6,Actor,Acting
2268,2488576,0.6,Actor,Acting
2268,549335,0.6,Actor,Acting
2268,2488577,0.6,Actor,Acting
2268,2488578,1.073,Actor,Acting
2268,2488579,0.6,Actor,Acting
2268,2488580,0.6,Actor,Acting
2268,2058148,0.6,Actor,Acting
2268,1821041,0.6,Actor,Acting
2268,1171527,2.009,Actor,Acting
2268,81432,0.665,Actor,Acting
2268,25451,6.792,Actor,Acting
2268,2151819,0.6,Actor,Acting
2268,8384,2.086,Set Decoration,Art
2268,1309,0.84,Executive Producer,Production
2268,1311,1.172,Executive Producer,Production
2268,4248,5.226,Production Design,Art
2268,2949,5.769,Original Music Composer,Sound
2268,3288,5.115,Screenplay,Writing
2268,3289,3.512,Executive Producer,Production
2268,13663,3.352,Executive Producer,Production
2268,6346,3.868,Editor,Editing
2268,6875,1.516,Editor,Editing
2268,8285,1.383,Supervising Art Director,Art
2268,9820,1.176,Art Direction,Art
2268,11295,1.879,Casting,Production
2268,12785,0.615,First Assistant Director,Directing
2268,40810,1.261,Sound Designer,Sound
2268,40811,0.6,Sound Designer,Sound
2268,40813,0.6,Supervising Dialogue Editor,Sound
2268,40814,0.6,ADR Supervisor,Sound
2268,40815,0.6,Foley Editor,Sound
2268,40816,0.6,Sound Effects Editor,Sound
2268,40827,0.855,Music Editor,Sound
2268,13172,0.6,ADR Mixer,Sound
2268,15358,1.884,Second Unit Director,Directing
2268,15512,0.6,Assistant Set Decoration,Art
2268,16589,1.818,Second Unit Director,Directing
2268,17428,1.388,Foley Artist,Sound
2268,19310,0.871,Costume Design,Costume & Make-Up
2268,10830,2.98,Executive Producer,Production
2268,23419,2.305,Novel,Writing
2268,23420,1.307,Producer,Production
2268,23421,2.744,Producer,Production
2268,23422,2.65,Director of Photography,Camera
2268,23424,2.495,Casting,Production
2268,23425,0.6,Art Direction,Art
2268,23426,1.382,Makeup Artist,Costume & Make-Up
2268,23427,0.63,Makeup Artist,Costume & Make-Up
2268,23768,1.4,Executive Producer,Production
2268,45584,0.618,Executive Producer,Production
2268,44006,0.84,Stunt Coordinator,Crew
2268,26196,0.6,Makeup & Hair,Costume & Make-Up
2268,32796,2.598,Editor,Editing
2268,52164,1.4,Hair Designer,Costume & Make-Up
2268,113047,0.6,ADR Mixer,Sound
2268,117210,0.6,Key Hair Stylist,Costume & Make-Up
2268,123471,0.754,Scenic Artist,Crew
2268,142094,1.388,Post Production Supervisor,Crew
2268,960087,0.6,Assistant Set Decoration,Art
2268,999561,0.98,Sound Designer,Sound
2268,1017789,2.795,Steadicam Operator,Camera
2268,1039763,0.6,Foley Recordist,Sound
2268,1200282,0.6,Assistant Costume Designer,Costume & Make-Up
2268,1299324,0.6,Draughtsman,Art
2268,1324128,0.6,Costume Supervisor,Costume & Make-Up
2268,1325212,0.6,Assistant Set Decoration,Art
2268,1326396,0.6,Draughtsman,Art
2268,1334429,0.6,Property Master,Art
2268,1338970,0.6,Assistant Sound Editor,Sound
2268,1340110,1.094,Draughtsman,Art
2268,1388855,0.6,Draughtsman,Art
2268,1388878,0.84,Stunt Double,Crew
2268,1388894,0.6,"First Assistant ""B"" Camera",Camera
2268,1389537,0.828,Visual Effects Supervisor,Visual Effects
2268,1389547,1.502,Dialect Coach,Crew
2268,1390350,0.764,Assistant Art Director,Art
2268,1390368,0.989,Camera Operator,Camera
2268,1395024,1.211,Sound Re-Recording Mixer,Sound
2268,1398088,0.6,Construction Manager,Art
2268,1404357,0.6,Conceptual Design,Art
2268,1404704,0.6,Post Production Supervisor,Crew
2268,1406922,0.84,Visual Effects Supervisor,Visual Effects
2268,1407673,0.6,Electrician,Lighting
2268,1408400,0.728,First Assistant Editor,Editing
2268,1408404,0.6,Production Secretary,Production
2268,1411320,0.6,Makeup & Hair,Costume & Make-Up
2268,1421657,1.22,Still Photographer,Camera
2268,1449178,0.6,Visual Effects Supervisor,Visual Effects
2268,1453019,0.6,Animation,Visual Effects
2268,1453021,1.22,Animation,Visual Effects
2268,1453943,1.38,Lighting Technician,Lighting
2268,1455461,1.38,Lighting Artist,Lighting
2268,1457374,0.98,Dialect Coach,Crew
2268,1459875,0.73,ADR Recordist,Sound
2268,1462919,2.178,Script Supervisor,Directing
2268,1466988,0.6,Unit Publicist,Crew
2268,1473397,0.6,ADR Mixer,Sound
2268,1528910,1.4,Electrician,Lighting
2268,1536575,0.6,Special Effects Supervisor,Visual Effects
2268,1545996,1.094,Additional Editing,Editing
2268,1546757,0.6,Armorer,Crew
2268,1557546,0.6,Armorer,Crew
2268,1571979,0.703,"Second Assistant ""A"" Camera",Camera
2268,1582747,1.025,Unit Production Manager,Production
2268,1593071,0.75,Concept Artist,Art
2268,1621448,0.6,Makeup & Hair,Costume & Make-Up
2268,1632385,0.6,Foley Recordist,Sound
2268,1700803,0.712,Storyboard Artist,Art
2268,1721855,0.6,Concept Artist,Art
2268,1737943,0.612,Second Unit First Assistant Director,Directing
2268,1738113,1.176,Pilot,Crew
2268,1739826,0.84,Second Assistant Director,Directing
2268,1750922,1.153,Second Unit First Assistant Director,Directing
2268,1751489,0.6,Colorist,Editing
2268,1757345,0.6,Storyboard Artist,Art
2268,1767242,0.6,Draughtsman,Art
2268,1775718,1.62,Key Grip,Camera
2268,1825356,0.6,Wardrobe Master,Costume & Make-Up
2268,1834969,0.6,Boom Operator,Sound
2268,1915538,0.6,Concept Artist,Art
2268,1942685,0.6,Seamstress,Costume & Make-Up
2268,1942749,0.6,Armorer,Crew
2268,1943271,0.6,Second Unit First Assistant Director,Directing
2268,2005311,0.6,Makeup Artist,Costume & Make-Up
2268,2006847,0.6,Assistant Editor,Editing
2268,2020804,1.746,Art Department Coordinator,Art
2268,2040891,0.828,Draughtsman,Art
2268,2059607,0.6,Draughtsman,Art
2268,2072504,0.6,Concept Artist,Art
2268,2073923,0.631,Second Assistant Director,Directing
2268,2090026,0.6,"Second Assistant ""B"" Camera",Camera
2268,2111683,0.6,"First Assistant ""A"" Camera",Camera
2268,2114879,0.6,Focus Puller,Camera
2268,2116271,0.6,Concept Artist,Art
2268,2153662,2.435,Production Accountant,Production
2268,2158615,0.6,Scenic Artist,Crew
2268,2158616,0.84,Storyboard Artist,Art
2268,2158617,0.6,Storyboard Artist,Art
2268,2165827,0.6,Concept Artist,Art
2268,2250582,0.694,Assistant Director,Directing
2268,2284443,0.6,Seamstress,Costume & Make-Up
2268,2374992,0.6,Second Second Assistant Director,Directing
2268,2544500,0.6,Fight Choreographer,Crew
2268,2671243,0.6,Post Production Coordinator,Production
2268,2721359,0.6,Production Coordinator,Production
2268,2801235,0.6,Stunts,Crew
2268,2983104,0.6,Studio Teacher,Crew
2268,2983135,0.6,Makeup & Hair,Costume & Make-Up
2268,2983146,0.6,Concept Artist,Art
2268,2983151,0.6,Conceptual Design,Art
2268,2983152,0.6,Draughtsman,Art
2268,2983153,0.6,Construction Coordinator,Art
2268,2983162,0.6,Stunt Double,Crew
2268,2983165,0.6,Generator Operator,Crew
2268,2983170,0.6,Electrician,Lighting
2268,2983173,0.6,Electrician,Lighting
2268,2983179,0.6,Electrician,Lighting
2268,2983181,0.6,Seamstress,Costume & Make-Up
2268,2983185,0.6,Seamstress,Costume & Make-Up
2268,2983187,0.6,Seamstress,Costume & Make-Up
2268,2983190,0.6,Seamstress,Costume & Make-Up
2268,2983193,0.6,Seamstress,Costume & Make-Up
2268,2983201,0.6,Pilot,Crew
2268,2983203,0.6,Pilot,Crew
2268,2983204,0.6,Production Coordinator,Production
2268,2983205,0.6,Production Accountant,Production
2268,2983208,0.6,Studio Teacher,Crew
2268,2983209,0.6,Set Medic,Crew
1125,134,13.922,Actor,Acting
1125,14386,5.383,Actor,Acting
1125,776,17.627,Actor,Acting
1125,2047,10.039,Actor,Acting
1125,15565,3.09,Actor,Acting
1125,15563,9.473,Actor,Acting
1125,15564,4.163,Actor,Acting
1125,15566,11.426,Actor,Acting
1125,15567,0.84,Actor,Acting
1125,95758,1.431,Actor,Acting
1125,15568,1.543,Actor,Acting
1125,15569,0.751,Actor,Acting
1125,181080,1.073,Actor,Acting
1125,110884,2.248,Actor,Acting
1125,18284,6.395,Actor,Acting
1125,12074,12.152,Actor,Acting
1125,17697,39.195,Actor,Acting
1125,107939,7.797,Actor,Acting
1125,9299,2.962,Actor,Acting
1125,154224,2.279,Actor,Acting
1125,56523,8.355,Actor,Acting
1125,111513,7.929,Actor,Acting
1125,150194,5.214,Actor,Acting
1125,19547,4.169,Actor,Acting
1125,2457016,0.6,Actor,Acting
1125,2457019,0.6,Actor,Acting
1125,173724,0.6,Actor,Acting
1125,2457020,0.6,Actor,Acting
1125,2457021,0.6,Actor,Acting
1125,2457022,0.6,Actor,Acting
1125,84709,1.436,Actor,Acting
1125,198137,1.96,Actor,Acting
1125,87079,9.124,Actor,Acting
1125,495,2.486,Casting,Production
1125,555,1.166,Set Decoration,Art
1125,8703,1.694,Executive Producer,Production
1125,9020,1.874,Producer,Production
1125,9439,1.357,Foley,Sound
1125,9440,1.399,Foley,Sound
1125,10685,0.6,Producer,Production
1125,15557,7.853,Screenplay,Writing
1125,15558,0.656,Music,Sound
1125,15559,1.268,Director of Photography,Camera
1125,15560,0.716,Editor,Editing
1125,15571,0.6,Original Music Composer,Sound
1125,11002,1.708,Production Design,Art
1125,15573,1.22,Costume Design,Costume & Make-Up
1125,62723,0.713,Digital Intermediate,Editing
1125,83088,0.6,Dialogue Editor,Sound
1125,117867,2.268,Sound Effects Editor,Sound
1125,161787,1.993,Stunts,Crew
1125,168214,0.65,Makeup Artist,Costume & Make-Up
1125,960696,0.6,Second Unit Director of Photography,Camera
1125,963705,0.715,Assistant Costume Designer,Costume & Make-Up
1125,1073307,0.6,First Assistant Editor,Editing
1125,1196351,0.98,Casting Associate,Production
1125,1212071,1.477,Casting Associate,Production
1125,1275373,0.98,Music Arranger,Sound
1125,1299130,0.6,Gaffer,Lighting
1125,1322017,1.4,Assistant Art Director,Art
1125,1328407,0.762,Costume Supervisor,Costume & Make-Up
1125,1335122,0.6,Sound Effects Editor,Sound
1125,1340773,0.6,Script Supervisor,Directing
1125,1347321,1.063,Choreographer,Crew
1125,1347763,0.6,Camera Operator,Camera
1125,1355532,1.104,Script Supervisor,Directing
1125,1378162,0.6,Construction Coordinator,Art
1125,1378246,0.6,Set Costumer,Costume & Make-Up
1125,1389127,0.98,Assistant Art Director,Art
1125,1389139,1.052,Still Photographer,Camera
1125,1390518,0.6,Set Designer,Art
1125,1391571,1.22,Sound Re-Recording Mixer,Sound
1125,1394953,0.6,Digital Intermediate,Editing
1125,1399141,0.749,Sound Re-Recording Mixer,Sound
1125,1400066,0.6,Set Designer,Art
1125,1400535,0.6,Steadicam Operator,Camera
1125,1400553,1.38,Set Designer,Art
1125,1403408,0.6,Visual Effects Producer,Visual Effects
1125,1404763,0.838,Dialogue Editor,Sound
1125,1406080,0.84,Key Hair Stylist,Costume & Make-Up
1125,1406130,0.6,Set Costumer,Costume & Make-Up
1125,1408278,0.979,Hairstylist,Costume & Make-Up
1125,1409245,1.566,Digital Intermediate,Editing
1125,1412186,0.6,Makeup Artist,Costume & Make-Up
1125,1412189,0.6,Hairstylist,Costume & Make-Up
1125,1412213,3.699,Choreographer,Crew
1125,1412699,0.722,Sound Effects Editor,Sound
1125,1413090,0.6,Property Master,Art
1125,1424894,1.4,Hair Department Head,Costume & Make-Up
1125,1425395,0.98,Music Editor,Sound
1125,1428855,1.4,Sound Designer,Sound
1125,1484536,0.6,Casting,Production
1125,1526464,0.98,Makeup Department Head,Costume & Make-Up
1125,1532232,0.6,Key Hair Stylist,Costume & Make-Up
1125,1533028,0.6,Rigging Gaffer,Lighting
1125,1536949,0.833,Wigmaker,Costume & Make-Up
1125,1537206,0.6,Hairstylist,Costume & Make-Up
1125,1537500,1.828,Music Supervisor,Sound
1125,1546115,0.6,Production Sound Mixer,Sound
1125,1549073,0.6,Gaffer,Lighting
1125,1550830,0.98,Special Effects Coordinator,Crew
1125,1551514,0.6,Art Department Coordinator,Art
1125,1551515,0.94,Visual Effects Supervisor,Visual Effects
1125,1551516,0.6,Gaffer,Lighting
1125,1551517,0.6,Gaffer,Lighting
1125,1551518,0.98,Additional Photography,Camera
1125,1551520,0.6,Set Costumer,Costume & Make-Up
1125,1551521,0.6,Music Editor,Sound
1125,1551522,0.6,Associate Choreographer,Crew
1125,1551523,1.553,Supervising ADR Editor,Sound
1125,1551525,1.4,Hairstylist,Costume & Make-Up
1125,1551528,0.6,Key Hair Stylist,Costume & Make-Up
1125,1551530,1.954,Makeup Artist,Costume & Make-Up
1125,1551531,0.6,Makeup Artist,Costume & Make-Up
1125,1551532,0.6,Digital Intermediate,Editing
1125,1559224,0.6,Music Supervisor,Sound
1125,2027203,0.6,Supervising Art Director,Art
1125,2653149,0.6,Art Department Assistant,Art
11484,3085,20.905,Actor,Acting
11484,11783,7.989,Actor,Acting
11484,10342,9.291,Actor,Acting
11484,41269,6.249,Actor,Acting
11484,6561,4.236,Actor,Acting
11484,33849,6.688,Actor,Acting
11484,103959,1.608,Actor,Acting
11484,1216393,5.043,Actor,Acting
11484,10657,3.683,Actor,Acting
11484,21944,1.616,Actor,Acting
11484,152626,2.72,Actor,Acting
11484,12829,1.4,Actor,Acting
11484,12689,6.3,Actor,Acting
11484,1418622,2.122,Actor,Acting
11484,179526,0.6,Actor,Acting
11484,15850,2.799,Actor,Acting
11484,184980,5.221,Actor,Acting
11484,58475,5.12,Actor,Acting
11484,666,1.344,Director of Photography,Camera
11484,10221,0.6,Costume Design,Costume & Make-Up
11484,5805,1.128,Original Music Composer,Sound
11484,12509,0.84,Editor,Editing
11484,13321,0.84,Production Design,Art
11484,13563,1.246,Director,Directing
11484,16522,0.649,Stunts,Crew
11484,10829,0.828,Associate Producer,Production
11484,63709,3.626,Stunts,Crew
11484,69566,0.999,Screenplay,Writing
11484,128179,2.212,Stunt Coordinator,Crew
11484,156869,4.192,Stunts,Crew
11484,161597,3.154,Stunts,Crew
11484,592129,1.283,Stunts,Crew
11484,1378838,1.626,Stunts,Crew
11484,2202605,0.6,Stunts,Crew
37292,854,13.953,Actor,Acting
37292,50570,3.99,Actor,Acting
37292,48958,12.83,Actor,Acting
37292,100919,1.62,Actor,Acting
37292,70990,8.521,Actor,Acting
37292,37445,4.411,Actor,Acting
37292,50971,8.166,Actor,Acting
37292,55700,1.462,Actor,Acting
37292,110204,3.159,Actor,Acting
37292,1027353,0.828,Actor,Acting
37292,1027355,0.6,Actor,Acting
37292,1208018,1.51,Actor,Acting
37292,113726,3.99,Actor,Acting
37292,233321,0.6,Actor,Acting
37292,127032,3.68,Actor,Acting
37292,1431758,1.4,Actor,Acting
37292,1250223,1.978,Actor,Acting
37292,34130,5.049,Actor,Acting
37292,136779,0.783,Actor,Acting
37292,136126,1.4,Actor,Acting
37292,1317628,1.541,Actor,Acting
37292,137405,0.972,Actor,Acting
37292,10545,5.071,Actor,Acting
37292,2255129,0.6,Actor,Acting
37292,8245,0.979,Actor,Acting
37292,50308,6.663,Actor,Acting
37292,1064925,1.4,Actor,Acting
37292,1229431,1.854,Actor,Acting
37292,1536134,1.073,Actor,Acting
37292,137003,3.936,Actor,Acting
37292,120342,2.063,Actor,Acting
37292,121205,0.612,Actor,Acting
37292,3358,1.822,Art Direction,Art
37292,8503,0.755,Music Director,Sound
37292,8508,1.079,Set Decoration,Art
37292,9803,1.166,Sound,Sound
37292,12278,0.6,Producer,Production
37292,13571,1.194,Music,Sound
37292,26175,0.685,Makeup Artist,Costume & Make-Up
37292,27732,0.75,Sound,Sound
37292,33176,2.563,Costume Design,Costume & Make-Up
37292,70940,1.838,Screenplay,Writing
37292,76981,1.878,Director,Directing
37292,103182,0.6,Editor,Editing
37292,120467,0.611,Art Direction,Art
37292,137885,1.62,Director of Photography,Camera
37292,155266,1.96,Novel,Writing
37292,231264,1.22,Special Effects,Crew
37292,701959,0.98,Orchestrator,Sound
37292,1309322,0.6,Set Decoration,Art
1381,6968,25.157,Actor,Acting
1381,3293,25.386,Actor,Acting
1381,9560,10.115,Actor,Acting
1381,1173,19.379,Actor,Acting
1381,230,8.045,Actor,Acting
1381,20194,2.72,Actor,Acting
1381,7248,14.244,Actor,Acting
1381,11868,5.425,Actor,Acting
1381,2517,5.907,Actor,Acting
1381,824,19.178,Actor,Acting
1381,5924,1.061,Actor,Acting
1381,20195,1.712,Actor,Acting
1381,1081122,4.183,Actor,Acting
1381,1899670,0.6,Actor,Acting
1381,20196,5.222,Actor,Acting
1381,1050988,2.42,Actor,Acting
1381,1066472,0.6,Actor,Acting
1381,2744980,0.6,Actor,Acting
1381,8374,2.386,Producer,Production
1381,330,2.188,Editor,Editing
1381,376,3.248,Producer,Production
1381,5914,6.159,Casting,Production
1381,4657,1.4,Special Effects Coordinator,Crew
1381,4867,3.302,Director of Photography,Camera
1381,6057,1.951,Costume Design,Costume & Make-Up
1381,6377,5.26,Original Music Composer,Sound
1381,6431,3.73,Screenplay,Writing
1381,6468,1.646,Executive Producer,Production
1381,8704,2.506,Supervising Art Director,Art
1381,9546,8.888,Production Design,Art
1381,9555,1.166,Sound Designer,Sound
1381,9557,1.016,Sound Designer,Sound
1381,16499,1.159,Visual Effects Supervisor,Visual Effects
1381,17613,1.4,Art Direction,Art
1381,16836,0.84,Author,Writing
1381,23545,1.754,Casting,Production
1381,30034,0.6,Rigging Gaffer,Lighting
1381,38805,0.972,Visual Effects Editor,Crew
1381,76003,1.38,Dialect Coach,Crew
1381,92237,0.6,Camera Operator,Camera
1381,405004,0.6,Sound Mixer,Sound
1381,1204225,0.98,Set Designer,Art
1381,1268981,2.503,Visual Effects Supervisor,Visual Effects
1381,1293479,1.26,Stunt Coordinator,Crew
1381,1304276,2.066,Foley,Sound
1381,1319389,0.828,Costume Supervisor,Costume & Make-Up
1381,1327222,1.22,Set Decoration,Art
1381,1327907,0.84,Art Direction,Art
1381,1337464,0.6,Sound Re-Recording Mixer,Sound
1381,1337469,1.146,Music Editor,Sound
1381,1340345,4.835,Sound Designer,Sound
1381,1340346,1.192,ADR & Dubbing,Sound
1381,1364796,1.4,First Assistant Sound Editor,Sound
1381,1384359,1.176,Set Designer,Art
1381,1391751,0.6,Set Designer,Art
1381,1391756,0.98,Set Designer,Art
1381,1391762,0.692,Assistant Art Director,Art
1381,1392106,0.84,Still Photographer,Camera
1381,1394740,1.094,Art Department Coordinator,Art
1381,1394742,0.6,Property Master,Crew
1381,1394748,0.6,Special Effects Coordinator,Crew
1381,1394751,0.6,Visual Effects Producer,Visual Effects
1381,1394757,0.6,Gaffer,Lighting
1381,1394760,1.4,Script Supervisor,Directing
1381,1398972,1.48,Underwater Camera,Camera
1381,1400354,1.048,Digital Intermediate,Editing
1381,1401600,0.6,Dialect Coach,Crew
1381,1401790,0.994,Visual Effects Producer,Visual Effects
1381,1402029,0.652,Visual Effects Supervisor,Visual Effects
1381,1406794,0.6,Location Manager,Production
1381,1418487,0.98,Digital Intermediate,Editing
1381,1420574,0.705,Second Unit Cinematographer,Crew
1381,1438616,1.614,Visual Effects Supervisor,Visual Effects
1381,1445370,0.6,Dialogue Editor,Editing
1381,1447119,0.6,Set Decoration,Art
1381,1447120,1.22,Set Decoration,Art
1381,1447121,0.6,Hairstylist,Costume & Make-Up
1381,1447122,0.6,Makeup Artist,Costume & Make-Up
1381,1447124,0.6,Makeup Artist,Costume & Make-Up
1381,1447125,0.6,Art Department Coordinator,Art
1381,1447128,0.6,Greensman,Art
1381,1447131,0.6,Greensman,Art
1381,1447136,0.6,Set Designer,Art
1381,1447142,0.6,Sound Recordist,Crew
1381,1447143,0.6,Animation,Visual Effects
1381,1447144,0.6,Animation,Visual Effects
1381,1447146,0.6,Animation,Visual Effects
1381,1447147,0.6,Visual Effects Producer,Visual Effects
1381,1447148,0.732,Visual Effects Producer,Visual Effects
1381,1447149,0.6,Visual Effects Supervisor,Visual Effects
1381,1447150,0.98,Visual Effects Supervisor,Visual Effects
1381,1447151,0.6,Visual Effects Supervisor,Visual Effects
1381,1447152,0.6,Visual Effects Supervisor,Visual Effects
1381,1447153,0.6,Casting,Production
1381,1447155,0.6,First Assistant Editor,Editing
1381,1447156,0.6,First Assistant Editor,Editing
1381,1447157,0.6,Transportation Coordinator,Crew
1381,1447161,0.6,Location Manager,Production
1381,1447162,0.6,Location Manager,Production
1381,1447164,0.6,Unit Publicist,Crew
72387,976,91.557,Actor,Acting
72387,14541,14.798,Actor,Acting
72387,20904,12.598,Actor,Acting
72387,565675,6.434,Actor,Acting
72387,31512,5.916,Actor,Acting
72387,56675,47.11,Actor,Acting
72387,22075,15.282,Actor,Acting
72387,82631,11.086,Actor,Acting
72387,52761,6.933,Actor,Acting
72387,1557632,0.84,Actor,Acting
72387,159850,1.958,Actor,Acting
72387,163976,0.6,Actor,Acting
72387,170240,1.788,Actor,Acting
72387,1668397,0.6,Actor,Acting
72387,79651,1.018,Actor,Acting
72387,1194168,0.6,Actor,Acting
72387,1422570,0.888,Actor,Acting
72387,115975,3.265,Actor,Acting
72387,547479,2.721,Actor,Acting
72387,1781693,1.4,Actor,Acting
72387,1610941,2.074,Actor,Acting
72387,124909,1.514,Actor,Acting
72387,1343850,0.84,Actor,Acting
72387,127070,0.985,Actor,Acting
72387,108922,2.472,Actor,Acting
72387,131038,0.84,Actor,Acting
72387,59280,1.887,Actor,Acting
72387,60567,2.33,Actor,Acting
72387,592288,3.448,Actor,Acting
72387,1366809,2.372,Actor,Acting
72387,2201528,0.6,Actor,Acting
72387,1467444,4.398,Actor,Acting
72387,206398,9.304,Actor,Acting
72387,385220,0.94,Actor,Acting
72387,1190771,0.751,Actor,Acting
72387,1642827,0.786,Actor,Acting
72387,1451123,4.72,Actor,Acting
72387,1720786,1.956,Actor,Acting
72387,66069,3.603,Actor,Acting
72387,1410040,1.96,Actor,Acting
72387,2188583,1.708,Actor,Acting
72387,131532,2.325,Actor,Acting
72387,9437,5.715,Actor,Acting
72387,158825,2.594,Actor,Acting
72387,702,5.976,Actor,Acting
72387,94089,1.573,Actor,Acting
72387,182213,1.565,Actor,Acting
72387,1427715,3.739,Actor,Acting
72387,1089920,2.312,Actor,Acting
72387,2545,5.206,Producer,Production
72387,1979,10.082,Executive Producer,Production
72387,1919,2.023,Director of Photography,Camera
72387,6223,3.615,Executive Producer,Production
72387,5493,1.428,Costume Design,Costume & Make-Up
72387,5666,6.626,Original Music Composer,Sound
72387,5669,1.704,Casting,Production
72387,13177,1.38,Sound Re-Recording Mixer,Sound
72387,16494,0.6,Art Direction,Art
72387,16496,0.6,Key Makeup Artist,Costume & Make-Up
72387,18513,0.6,Costume Design,Costume & Make-Up
72387,30912,0.6,Digital Intermediate,Editing
72387,52358,6.081,Director,Directing
72387,54417,0.6,Producer,Production
72387,59422,0.6,Assistant Editor,Editing
72387,59522,0.84,Executive Producer,Production
72387,62434,1.008,Editor,Editing
72387,91042,3.463,Pilot,Crew
72387,227218,1.96,Property Master,Art
72387,548437,0.618,Dialogue Editor,Sound
72387,566668,0.6,Gaffer,Lighting
72387,930016,0.6,Sound Designer,Sound
72387,965149,0.6,Producer,Production
72387,999763,2.52,Executive Producer,Production
72387,1047628,0.6,Visual Effects Editor,Crew
72387,1049456,0.996,Sound Editor,Sound
72387,1066776,0.988,Music Supervisor,Sound
72387,1123794,1.887,Producer,Production
72387,1317605,0.6,Set Decoration,Art
72387,1332188,0.921,Hair Department Head,Costume & Make-Up
72387,1335150,0.6,Visual Effects Editor,Crew
72387,1335152,0.6,Visual Effects Producer,Visual Effects
72387,1352969,2.33,Sound Designer,Sound
72387,1387195,0.766,Sound Re-Recording Mixer,Sound
72387,1389568,0.98,Construction Coordinator,Art
72387,1393371,0.6,Property Master,Art
72387,1395023,0.968,Sound Effects Editor,Sound
72387,1399072,1.954,Casting Associate,Production
72387,1403191,0.6,Visual Effects Producer,Visual Effects
72387,1405319,0.6,Key Hair Stylist,Costume & Make-Up
72387,1413097,0.6,CG Supervisor,Crew
72387,1414917,0.84,Makeup Department Head,Costume & Make-Up
72387,1416826,0.6,Unit Publicist,Crew
72387,1418491,0.694,Script Supervisor,Directing
72387,1419815,0.6,Script Supervisor,Directing
72387,1428229,0.668,Music Editor,Sound
72387,1428583,0.6,Key Hair Stylist,Costume & Make-Up
72387,1440308,0.6,Digital Intermediate,Editing
72387,1447849,0.6,Rigging Gaffer,Lighting
72387,1461162,0.6,3D Artist,Visual Effects
72387,1464961,0.6,Second Unit Director of Photography,Camera
72387,1468070,1.264,Casting Associate,Production
72387,1513207,0.6,Costume Supervisor,Costume & Make-Up
72387,1516293,0.98,Assistant Costume Designer,Costume & Make-Up
72387,1525930,1.38,Camera Operator,Camera
72387,1526957,1.4,Art Department Coordinator,Art
72387,1527507,0.6,Costume Coordinator,Costume & Make-Up
72387,1532750,0.6,Visual Effects Producer,Visual Effects
72387,1533562,0.6,Set Costumer,Costume & Make-Up
72387,1535090,0.663,Visual Effects Supervisor,Visual Effects
72387,1551025,0.6,Sound mixer,Sound
72387,1556316,0.84,Dialogue Editor,Sound
72387,1556318,0.98,Sound Effects Editor,Sound
72387,1651769,0.6,Dolly Grip,Camera
72387,1657911,0.6,Dolly Grip,Camera
72387,1713075,0.802,Digital Intermediate,Editing
72387,1739877,0.84,First Assistant Director,Directing
72387,1768955,0.6,Visual Effects Producer,Visual Effects
72387,1768957,0.608,Visual Effects Supervisor,Visual Effects
72387,1831755,0.6,Still Photographer,Camera
72387,1931505,0.6,Dolly Grip,Camera
72387,1989464,0.6,Hairstylist,Costume & Make-Up
72387,1989465,0.828,Key Makeup Artist,Costume & Make-Up
72387,1989466,0.6,3D Artist,Visual Effects
72387,1989467,0.6,Visual Effects Coordinator,Visual Effects
72387,1989468,1.4,Gaffer,Lighting
72387,1989472,0.6,Rigging Gaffer,Lighting
72387,1989473,0.6,Rigging Gaffer,Lighting
72387,1989474,0.6,Rigging Grip,Lighting
72387,1989475,0.6,Rigging Grip,Lighting
72387,1989476,0.6,Rigging Grip,Lighting
72387,1989477,0.6,Dolly Grip,Camera
72387,2241931,1.171,Stunts,Crew
19426,5402,4.988,Actor,Acting
19426,27440,1.492,Actor,Acting
19426,543085,0.84,Actor,Acting
19426,31989,3.986,Actor,Acting
19426,5404,1.932,Actor,Acting
19426,125357,1.244,Actor,Acting
19426,128674,2.614,Actor,Acting
19426,5409,0.84,Actor,Acting
19426,29431,1.48,Actor,Acting
19426,144992,0.6,Actor,Acting
19426,587455,0.6,Actor,Acting
19426,1848241,0.625,Actor,Acting
19426,225190,1.294,Actor,Acting
19426,545542,1.094,Actor,Acting
19426,30832,1.58,Actor,Acting
19426,1385763,2.236,Actor,Acting
19426,1171344,0.855,Actor,Acting
19426,1145706,1.176,Actor,Acting
19426,1137526,0.6,Actor,Acting
19426,72926,0.84,Actor,Acting
19426,1393898,0.6,Actor,Acting
19426,1089216,0.6,Actor,Acting
19426,1664478,0.6,Actor,Acting
19426,3333200,0.6,Actor,Acting
19426,3098,7.53,Original Music Composer,Sound
19426,4415,4.769,Screenplay,Writing
19426,5396,1.447,Screenplay,Writing
19426,5397,2.978,Screenplay,Writing
19426,5398,2.72,Producer,Production
19426,5681,1.08,Production Design,Art
19426,5970,9.117,Co-Writer,Writing
19426,27853,1.368,Production Supervisor,Production
19426,32381,1.4,Director of Photography,Camera
19426,43703,0.6,Production Secretary,Production
19426,120184,0.6,Production Manager,Production
19426,1176688,0.6,Conductor,Sound
19426,1177506,0.6,Second Assistant Director,Directing
19426,1391607,0.6,Camera Operator,Camera
19426,1462153,0.6,First Assistant Director,Directing
19426,1538486,0.6,Makeup Artist,Costume & Make-Up
19426,1538531,0.6,Sound,Sound
19426,1667307,1.96,Sound,Sound
19426,2604495,0.6,Assistant Editor,Editing
19426,3332648,0.6,Script Supervisor,Directing
