MovieID,MovieTitle,OriginalLanguageCode,ReleaseDate,Adult,PrimaryGenreName,SecondaryGenreName,MinorGenreName
40454,"Follow Me, Boys!",en,1966-12-01,False,Dramat,Familijny,Nieznane
27932,Airport 1975,en,1974-10-18,False,Akcja,Przygodowy,Dramat
10003,The Saint,en,1997-04-03,False,Thriller,Akcja,Romans
2268,The Golden Compass,en,2007-12-04,False,Przygodowy,Fantasy,Nieznane
1125,Dreamgirls,en,2006-12-25,False,Dramat,Muzyczny,Nieznane
11484,Rollerball,en,1975-06-25,False,Akcja,Sci-Fi,Nieznane
37292,Broken Arrow,en,1950-08-01,False,Western,Nieznane,Nieznane
1381,The Fountain,en,2006-11-22,False,Dramat,Przygodowy,Sci-Fi
72387,Safe,en,2012-04-16,False,Akcja,Kryminał,Thriller
19426,Le notti di Cabiria,it,1957-10-03,False,Dramat,Nieznane,Nieznane
