PersonID,Name,Birthday,KnownFor,Deathday,Gender,IMDBID,Popularity
4091,Fred MacMurray,1908-08-30,Acting,1991-11-05,2,nm0534045,3.185
7303,Vera Miles,1929-08-23,Acting,,1,nm0587256,6.502
8828,Lillian Gish,1893-10-14,Acting,1993-02-27,1,nm0001273,7.42
2436,Charles Ruggles,1886-02-08,Acting,1970-12-23,2,nm0749476,4.85
11168,Elliott Reid,1920-01-16,Acting,2013-06-21,2,nm0717256,3.941
6856,Kurt Russell,1951-03-17,Acting,,2,nm0000621,14.44
137831,Luana Patten,1938-07-06,Acting,1996-05-01,1,nm0666087,1.713
176543,Ken Murray,1903-07-14,Acting,1988-10-12,2,nm0615108,1.527
1213024,Donald May,1927-02-22,Acting,2022-01-28,2,nm0561928,2.304
30501,Sean McClory,1924-03-08,Acting,2003-12-10,2,nm0565887,2.105
24323,Steve Franken,1932-05-27,Acting,2012-08-24,2,nm0291266,1.24
86369,Parley Baer,1914-08-05,Acting,2002-11-22,2,nm0046373,5.085
114957,William Reynolds,1931-12-09,Acting,,2,nm0721999,4.678
83149,Willis Bouchey,1907-05-24,Acting,1977-09-26,2,nm0099071,3.602
1243355,Duane Chase,1950-12-12,Acting,,2,nm0153750,0.6
2645,Adam Williams,1922-11-26,Acting,2006-12-04,2,nm0929965,1.994
120070,Robert B. Williams,1904-09-23,Acting,1978-06-17,0,nm0931547,3.62
198116,Dean Moray,1953-02-17,Acting,,0,nm0603205,0.6
39998,Tim McIntire,1944-07-19,Acting,1986-04-15,2,nm0570625,1.214
2106,Walt Disney,1901-12-05,Production,1966-12-15,2,nm0000370,12.045
2117,Robert O. Cook,,Sound,,0,nm0177256,1.223
12344,Clifford Stine,1906-03-24,Camera,1986-12-12,2,nm0830411,0.84
13569,MacKinlay Kantor,,Writing,,0,nm0437969,1.362
57337,George Bruns,1914-07-03,Sound,1983-05-23,2,nm0005980,0.84
83413,Norman Tokar,1919-11-25,Directing,1979-04-06,2,nm0865709,0.608
109454,Robert Stafford,,Editing,,0,nm0821338,0.694
1237011,Louis Pelletier,1906-03-07,Writing,2000-02-11,0,nm0671117,0.6
10017,Charlton Heston,1923-10-04,Acting,2008-04-05,2,nm0000032,16.78
8963,Karen Black,1939-07-01,Acting,2013-08-08,1,nm0000947,5.23
12950,George Kennedy,1925-02-18,Acting,2016-02-28,2,nm0001421,4.07
34981,Efrem Zimbalist Jr.,1918-11-30,Acting,2014-05-02,2,nm0956544,5.376
40168,Susan Clark,1940-03-08,Acting,,1,nm0164540,3.47
553509,Helen Reddy,1941-10-25,Acting,2020-09-29,1,nm0714761,1.703
37366,Linda Blair,1959-01-22,Acting,,1,nm0000304,13.483
13578,Dana Andrews,1909-01-01,Acting,1992-12-17,2,nm0000763,8.492
6178,Roy Thinnes,1938-04-06,Acting,,2,nm0858186,17.027
8902,Sid Caesar,1922-09-08,Acting,2014-02-12,2,nm0128377,1.787
13577,Myrna Loy,1905-08-02,Acting,1993-12-14,1,nm0001485,3.402
89040,Ed Nelson,1928-12-21,Acting,2014-08-09,2,nm0625343,3.563
8631,Nancy Olson,1928-07-14,Acting,,1,nm0647970,4.548
151644,Larry Storch,1923-01-08,Acting,,2,nm0832415,6.023
10022,Martha Scott,1912-09-22,Acting,2003-05-28,1,nm0779549,6.314
26042,Jerry Stiller,1927-06-08,Acting,2020-05-11,2,nm0005467,17.025
14064,Norman Fell,1924-03-24,Acting,1998-12-14,2,nm0001205,2.422
19403,Conrad Janis,1928-02-11,Acting,,2,nm0417641,5.986
83987,Beverly Garland,1926-10-17,Acting,2008-12-05,1,nm0307500,6.935
13260,Linda Harrison,1945-07-24,Acting,,1,nm0365709,18.95
93655,Guy Stockwell,1934-11-16,Acting,2002-02-06,2,nm0830967,7.893
102209,Erik Estrada,1949-03-16,Acting,,2,nm0261805,14.905
151447,Kip Niven,1945-05-27,Acting,2019-05-06,2,nm0633121,0.777
1241168,Charles White,,Acting,,0,nm0924596,0.6
1229756,Brian Morrison,,Acting,,0,nm0607088,0.6
99937,Amy Farrell,,Acting,,1,nm0268171,0.98
83788,Irene Tsu,1943-04-05,Acting,,1,nm0875187,6.119
77482,Ken Sansom,1927-04-02,Acting,2012-10-08,2,nm0763052,6.657
124131,Alan Fudge,1944-02-27,Acting,2011-10-10,2,nm0297322,4.215
132621,Christopher Norris,1953-10-07,Acting,,1,nm0635782,2.61
103707,Austin Stoker,1943-10-07,Acting,,2,nm0831288,1.446
30844,John Lupton,1928-08-23,Acting,1993-11-03,2,nm0527017,3.731
12424,Gene Dynarski,1932-09-13,Acting,2020-02-27,2,nm0245940,5.735
3154862,Aldine King,,Acting,,0,,0.6
73177,Sharon Gless,1943-05-31,Acting,,1,nm0002102,5.673
160142,Laurette Spang,1951-05-16,Acting,,1,nm0816783,6.392
8629,Gloria Swanson,1899-03-27,Acting,1983-04-04,1,nm0841797,7.728
544815,Mary Margaret Amato,,Acting,,1,nm0024171,0.6
152587,Selma Archerd,1925-02-26,Acting,,1,nm0033749,1.115
3353549,David Baker,,Acting,,0,nm0048371,0.6
1768121,Barbara Baldavin,1938-10-18,Acting,,1,nm0049682,0.6
3032628,Rochelle Balin,,Acting,,0,,0.6
1240847,Ray Ballard,1929-08-23,Acting,,2,nm0050658,0.6
141418,Billy Beck,1920-05-26,Acting,2011-06-29,2,nm0065084,2.864
97257,Marjorie Bennett,1896-01-15,Acting,1982-06-14,1,nm0071913,5.145
3353605,Carol Brooks,,Acting,,0,,0.6
1498668,David Carlile,1931-02-09,Acting,2006-04-01,2,nm0137483,0.6
1410800,Jolivett Cato,,Writing,,0,nm0146231,0.98
164770,Diana Chesney,1916-11-17,Acting,2004-05-07,1,nm0156243,1.96
1853655,Ed Connelly,,Acting,,2,nm0175066,0.6
3353606,Edwin Cook,,Acting,,0,,0.6
119711,Natalie Core,1919-02-21,Acting,2011-10-14,1,nm0179702,1.96
2576492,Joan Crosby,,Acting,,0,,0.6
83398,Wade Crosby,1905-08-22,Acting,1975-10-02,2,nm0189051,1.368
1501356,Joyce Cunning,,Acting,,0,nm0192216,0.6
2546979,Tom Curtis,,Acting,,0,,0.6
3137301,Maria Diane,,Acting,,0,,0.6
1814587,Jim Drum,,Acting,,0,,0.6
118482,Lou Fant,,Acting,,0,nm0266869,0.75
83992,Cay Forester,1921-12-26,Acting,2005-06-18,1,nm0033692,3.284
16200,Susan French,1912-01-23,Acting,2003-04-06,1,nm0294215,2.926
4679,John Furlong,1933-04-14,Acting,2008-06-23,2,nm0298952,1.048
141400,James W. Gavin,1935-03-13,Acting,2005-08-13,2,nm0310542,2.063
151521,Ted Gehring,1929-04-06,Acting,2000-09-28,2,,0.84
158939,Redmond Gleeson,1935-01-01,Acting,,2,nm0322439,1.048
19110,Virginia Gregg,1916-03-06,Acting,1986-09-15,1,nm0339615,9.481
34973,Bob Hastings,1925-04-18,Acting,2014-06-30,2,nm0368561,4.258
88907,Monika Henreid,,Acting,,1,nm0377499,0.828
116565,Pitt Herbert,1914-09-25,Acting,1989-06-23,2,nm0378615,0.6
70947,Tad Horino,1921-08-14,Acting,2002-10-03,2,nm0394707,2.753
122154,Robert Ito,1931-07-02,Acting,,2,nm0411731,6.198
2222033,Jeanne Joe,,Acting,,0,,0.6
1939,Philip H. Lathrop,1912-10-22,Camera,1995-04-12,2,nm0005769,1.551
4350,Edith Head,1897-10-28,Costume & Make-Up,1981-10-24,1,nm0372128,2.26
16196,James Troutman,,Sound,,2,nm0873806,0.6
14825,Jennings Lang,1915-05-28,Production,1996-05-29,2,nm0485786,0.6
30422,Jack Smight,1925-03-09,Directing,2003-09-01,2,nm0806915,4.184
52096,Arthur Hailey,1920-04-05,Writing,2004-11-24,2,nm0354150,1.4
52100,William Frye,,Production,,0,nm0296902,0.836
33911,John Cacavas,1930-08-13,Sound,2014-01-28,2,nm0005990,1.356
15773,Don Ingalls,,Writing,,2,nm0408681,1.029
570728,J. Terry Williams,,Editing,,0,nm0930802,0.648
1147355,George C. Webb,,Art,,0,nm0916112,0.6
1912396,Ben Bishop,1910-08-08,Production,1989-01-18,2,nm0083992,0.6
2271633,Glenn Adams,1911-09-23,Camera,2000-05-10,2,nm0010994,0.6
5576,Val Kilmer,1959-12-31,Acting,,2,nm0000174,123.783
1951,Elisabeth Shue,1963-10-06,Acting,,1,nm0000223,46.444
1118,Rade Šerbedžija,1946-07-27,Acting,,2,nm0784884,9.273
7030,Henry Goodman,1950-04-23,Acting,,2,nm0329094,3.52
2629,Alun Armstrong,1946-07-17,Acting,,2,nm0035605,12.234
742,Michael Byrne,1943-11-07,Acting,,2,nm0126250,9.967
146399,Irina Apeksimova,1966-01-13,Acting,,1,nm0031981,4.494
90356,Lev Prygunov,1939-04-23,Acting,,2,nm0699355,4.168
87416,Charlotte Cornwell,1949-04-26,Acting,,1,nm0180489,2.153
1246,Emily Mortimer,1971-12-01,Acting,,1,nm0607865,7.811
955006,Lucija Šerbedžija,1973-06-08,Acting,,1,nm0784883,5.694
34515,Velibor Topic,1970-01-01,Acting,,2,nm0867677,4.239
2478,Tommy Flanagan,1965-07-03,Acting,,2,nm0281107,18.722
1079977,Egor Pazenko,1972-02-25,Acting,,2,nm0694765,0.6
1810376,Adam Smith,,Acting,,2,nm0807199,0.98
188468,Pat Laffan,1939-06-08,Acting,2019-03-14,2,nm0480783,3.808
1079978,Verity-Jane Dearsley,,Acting,,1,nm0213187,1.428
1079979,Michael Marquez,,Acting,,0,nm0549863,0.6
7032,Lorelei King,1963-03-08,Acting,,1,nm0455009,1.333
238702,Alla Kazanskaya,1920-06-15,Acting,2008-06-24,1,nm0443606,0.84
1079980,Ronnie Letham,1949-09-10,Acting,2008-03-27,2,nm0504663,0.972
70883,Tusse Silberg,,Acting,,1,nm0797860,8.561
27172,Peter Guinness,1950-05-03,Acting,,2,nm0347423,6.32
79954,Stefan Gryff,1938-05-05,Acting,2017-06-03,2,nm0344793,1.416
166258,Malcolm Tierney,1938-02-25,Acting,,2,nm0862939,0.961
116126,Christopher Rozycki,1943-10-15,Acting,2015-04-10,2,nm0747674,2.883
128719,Valeriy Nikolaev,1965-08-23,Acting,,2,nm0631792,4.211
10222,Roger Moore,1927-10-14,Acting,2017-05-23,2,nm0000549,6.807
1079976,Evgeniy Lazarev,1937-03-31,Acting,2016-11-18,2,nm0493738,1.4
876,Jonathan Hensleigh,1959-02-13,Writing,,2,nm0378144,2.148
5912,Graeme Revell,1955-10-23,Sound,,2,nm0006251,5.538
2485,Patsy Pollock,,Production,,1,nm0689691,1.422
4142,Elisabeth Leustig,,Production,,0,nm0505059,5.151
4611,Mace Neufeld,1928-07-13,Production,2022-01-21,2,nm0626883,1.646
5056,Terry Rawlings,1933-11-04,Editing,2019-04-23,2,nm0712625,1.535
5322,David Brown,1916-07-28,Production,2010-02-01,2,nm0113360,1.62
9990,Joseph C. Nemec III,1948-01-01,Art,,2,nm0625854,0.971
10709,Phil Meheux,1941-09-17,Camera,,2,nm0005793,2.434
12288,Robert Evans,1930-06-29,Production,2019-10-26,2,nm0263172,3.014
13015,Phillip Noyce,1950-04-29,Directing,,2,nm0637518,7.697
17880,Wesley Strick,1954-02-11,Writing,,2,nm0834338,2.132
42995,Paul Hitchcock,,Production,,2,nm0386878,1.547
61820,William J. MacDonald,,Production,,2,nm0531973,1.285
61821,Robert S. Baker,1916-10-17,Production,2009-09-30,2,nm0048875,1.22
125888,Leonid Vereshchagin,1953-08-25,Production,,2,nm0096387,1.644
133223,Leslie Charteris,1907-05-12,Writing,1993-04-15,0,,0.6
1034749,Lis Kern,,Production,,1,nm0449477,0.98
2780308,Александр Дельвиг,,Production,,0,,0.6
2227,Nicole Kidman,1967-06-20,Acting,,1,nm0000173,19.002
8784,Daniel Craig,1968-03-02,Acting,,2,nm0185819,15.716
45589,Dakota Blue Richards,1994-04-11,Acting,,1,nm2301950,15.826
45585,Ben Walker,1993-01-01,Acting,,2,nm2036501,7.273
1281,Freddie Highmore,1992-02-14,Acting,,2,nm0383603,41.274
1327,Ian McKellen,1939-05-25,Acting,,2,nm0005212,18.709
10912,Eva Green,1980-07-06,Acting,,1,nm1200692,33.017
20070,Jim Carter,1948-08-19,Acting,,2,nm0141697,6.741
14011,Tom Courtenay,1937-02-25,Acting,,2,nm0183822,7.636
6972,Ian McShane,1942-09-29,Acting,,2,nm0574534,18.569
16431,Sam Elliott,1944-08-09,Acting,,2,nm0000385,28.657
113,Christopher Lee,1922-05-27,Acting,2015-06-07,2,nm0000489,7.482
5470,Kristin Scott Thomas,1960-05-24,Acting,,1,nm0000218,13.964
10465,Edward de Souza,1932-09-04,Acting,,2,nm0211767,2.219
8534,Kathy Bates,1948-06-28,Acting,,1,nm0000870,12.556
16358,Simon McBurney,1957-08-25,Acting,,2,nm0564402,7.644
45587,Jack Shepherd,1940-10-29,Acting,,2,nm0791790,3.504
45586,Magda Szubanski,1961-04-12,Acting,,1,nm0844294,1.805
937,Derek Jacobi,1938-10-22,Acting,,2,nm0001394,12.403
45588,Clare Higgins,1955-11-10,Acting,,1,nm0383354,10.314
142389,Charlie Rowe,1996-04-23,Acting,,2,nm2185462,9.179
1815740,Steven Loton,,Acting,,0,,4.626
28959,Michael Antoniou,,Acting,,2,nm0031425,1.094
1411061,Mark Mottram,,Crew,,2,nm0609561,2.259
40670,Paul Antony-Barber,,Acting,,2,nm0031524,1.581
63608,Jason Watkins,1966-10-28,Acting,,2,nm0914327,10.06
6985,Jody Halse,,Acting,,0,nm1561546,3.542
56103,Hattie Morahan,1978-01-01,Acting,,1,nm0602455,10.746
218186,John Bett,1949-01-01,Acting,,2,nm0079261,4.439
16697,John Franklyn-Robbins,1924-12-14,Acting,2009-03-21,2,nm0291599,2.59
2488572,Jonathan Laury,,Acting,,0,,0.692
2488573,Tommy Luther,,Acting,,0,,0.6
1244467,James Rawlings,,Acting,,2,nm1759468,1.119
2488574,Joao de Sousa,,Acting,,0,,0.6
203552,Habib Nasib Nader,,Acting,,0,nm1506623,0.793
1920196,Theo Fraser Steele,,Acting,,0,,0.6
1896892,Bill Hurst,,Acting,,0,nm0403580,1.62
51120,Elliot Cowan,1976-10-21,Acting,,2,nm1259002,9.374
1075144,Sam Hoare,1981-06-27,Acting,,2,nm2397390,3.287
1132749,Thomas Arnold,2018-05-01,Acting,,2,nm1112861,4.134
1121204,David Garrick,,Acting,,2,nm1162877,0.766
1563381,Brian Nickels,1965-08-17,Acting,2020-01-15,2,nm0630003,1.228
2208974,Gary Kane,,Acting,,2,,0.716
1763162,Alfred Harmsworth,,Acting,,0,,0.6
2488575,Charles Evanson,,Acting,,0,,0.6
2488576,Patrick Cleary,,Acting,,0,,0.6
549335,Tarek Khalil,,Acting,,0,nm2850752,0.6
2488577,Madrios Ohannessian,,Acting,,0,,0.6
2488578,Sandra Wolfe,,Acting,,0,,1.073
2488579,Hewson Osbourne,,Acting,,0,,0.6
2488580,Albert Kenrick,,Acting,,0,,0.6
2058148,John Cartier,,Camera,,0,,0.6
1821041,Chris Abbott,,Editing,,0,,0.6
1171527,Alexander Mercury,1983-09-05,Acting,,2,nm2765435,2.009
81432,David Forman,,Crew,,2,nm0286335,0.665
25451,Spencer Wilding,1972-07-26,Acting,,2,nm1872855,6.792
2151819,Caridad Angus,,Crew,,0,,0.6
8384,Anna Pinnock,,Art,,1,nm0003519,2.086
1309,Mark Ordesky,,Production,,2,nm0649507,0.84
1311,Michael Lynne,,Production,,2,nm1088153,1.172
4248,Dennis Gassner,1948-10-22,Art,,2,nm0309357,5.226
2949,Alexandre Desplat,1961-08-23,Sound,,2,nm0006035,5.769
3288,Chris Weitz,1969-11-30,Production,,2,nm0919363,5.115
3289,Paul Weitz,1965-11-19,Directing,,2,nm0919369,3.512
13663,Robert Shaye,1939-03-03,Production,,2,nm0790144,3.352
6346,Anne V. Coates,1925-12-12,Editing,2018-05-08,1,nm0167613,3.868
6875,Peter Honess,,Editing,,2,nm0392000,1.516
8285,Richard L. Johnson,,Art,,2,nm0426064,1.383
9820,Andy Nicholson,,Art,,2,nm0629772,1.176
11295,Fiona Weir,,Production,,1,nm0918587,1.879
12785,Terry Needham,1946-10-06,Directing,,2,nm0624117,0.615
40810,Glenn Freemantle,,Sound,,2,nm0293634,1.261
40811,Tom Sayers,,Sound,,2,nm0768482,0.6
40813,Gillian Dodders,,Sound,,1,nm0230128,0.6
40814,Lee Herrick,1953-09-16,Sound,,0,nm0380611,0.6
40815,Hugo Adams,1965-06-19,Sound,,0,nm1427452,0.6
40816,Ben Barker,,Sound,,2,nm1457905,0.6
40827,Peter Clarke,,Sound,,2,nm0164942,0.855
13172,Robert Deschaine,,Sound,,0,nm0220991,0.6
15358,Vic Armstrong,1946-10-05,Crew,,2,nm0002184,1.884
15512,Fergus Clegg,1961-04-21,Art,,0,nm0165947,0.6
16589,Peter MacDonald,1939-01-01,Directing,,2,nm0003423,1.818
17428,Nicolas Becker,,Sound,,0,nm0065545,1.388
19310,Ruth Myers,1940-01-01,Costume & Make-Up,,1,nm0616848,0.871
10830,Toby Emmerich,1963-02-08,Production,,2,nm0256497,2.98
23419,Philip Pullman,1946-10-19,Writing,,2,nm1099514,2.305
23420,Bill Carraro,,Production,,2,nm0140011,1.307
23421,Deborah Forte,,Production,,1,nm0287149,2.744
23422,Henry Braham,,Camera,,2,nm0103956,2.65
23424,Lucy Bevan,,Production,,1,nm0079667,2.495
23425,Chris Lowe,,Art,,0,nm0522905,0.6
23426,Nicola Buck,,Costume & Make-Up,,0,nm1706081,1.382
23427,Angela Levin,,Costume & Make-Up,,0,nm0505545,0.63
23768,Ileen Maisel,,Production,,0,nm0537884,1.4
45584,Andrew Miano,,Production,,2,nm0583948,0.618
44006,Paul Jennings,,Crew,,2,nm0421230,0.84
26196,Lesley Smith,,Costume & Make-Up,,1,nm0809087,0.6
32796,Kevin Tent,,Editing,,2,nm0855188,2.598
52164,Peter Swords King,1955-01-01,Costume & Make-Up,,2,nm0455135,1.4
113047,Peter Gleaves,,Sound,,0,nm0322367,0.6
117210,Janine Schneider,,Costume & Make-Up,,0,nm0773872,0.6
123471,Rohan Harris,,Crew,,0,nm3093483,0.754
142094,Michael Solinger,,Crew,,2,nm0813088,1.388
960087,Sophie Newman,,Art,,1,nm1126927,0.6
999561,Andy Kennedy,,Sound,,0,nm0447905,0.98
1017789,George Richmond,,Camera,,2,nm0725104,2.795
1039763,Philippe Amouroux,,Sound,,2,nm0025339,0.6
1200282,Camille Benda,,Costume & Make-Up,,0,nm2183432,0.6
1299324,Gavin Fitch,,Art,,0,nm1184878,0.6
1324128,William McPhail,,Costume & Make-Up,,2,nm0574165,0.6
1325212,Lee Sandales,,Art,,0,nm0761227,0.6
1326396,Kate Grimble,,Art,,0,nm0342177,0.6
1334429,Barry Gibbs,,Art,,2,nm0316631,0.6
1338970,Danny Freemantle,,Sound,,2,nm2368665,0.6
1340110,Ashley Winter,,Art,,0,nm1261835,1.094
1388855,Matthew Robinson,,Art,,0,nm0732901,0.6
1388878,Rowley Irlam,1970-07-19,Crew,,2,nm0410034,0.84
1388894,John Gamble,,Camera,,0,nm0303789,0.6
1389537,Ben Morris,,Visual Effects,,0,nm0606377,0.828
1389547,Sandra Frieze,1946-01-14,Crew,,1,nm0295678,1.502
1390350,Helen Xenopoulos,,Art,,0,nm0944424,0.764
1390368,Graham Hall,,Camera,,0,nm0355619,0.989
1395024,Mike Prestwood Smith,,Sound,,2,nm0696523,1.211
1398088,Andy Evans,,Art,,0,nm0262532,0.6
1404357,Constantine Sekeris,,Art,,0,nm1516338,0.6
1404704,Sara Romilly,,Crew,,0,nm0739644,0.6
1406922,Michael L. Fink,,Visual Effects,,2,nm0277842,0.84
1407673,Dean Kennedy,,Lighting,,0,nm0447990,0.6
1408400,Tom Harrison-Read,,Editing,,0,nm1089952,0.728
1408404,Samuel Sharpe,,Production,,0,nm2279223,0.6
1411320,Paula Price,,Costume & Make-Up,,1,nm0998593,0.6
1421657,Laurie Sparham,,Camera,,2,nm0816934,1.22
1449178,Bill Westenhofer,,Visual Effects,,0,nm0922543,0.6
1453019,Sachin Bangera,,Visual Effects,,0,nm2605992,0.6
1453021,Alexander Fernandes,,Visual Effects,,0,nm2869058,1.22
1453943,Howard R. Campbell,,Lighting,,0,nm2405778,1.38
1455461,Justin Hammond,,Lighting,,0,nm0358720,1.38
1457374,Roisin Carty,,Crew,,1,nm0142224,0.98
1459875,Rachael Tate,,Sound,,0,nm2655291,0.73
1462919,Nikki Clapp,,Directing,,1,nm0163437,2.178
1466988,Susan d'Arcy,,Crew,,0,nm0195461,0.6
1473397,Nick Kray,,Sound,,2,nm2390390,0.6
1528910,Lou Bogue,1946-01-01,Lighting,,0,nm0091927,1.4
1536575,Trevor Wood,,Visual Effects,,0,nm0940058,0.6
1545996,Martin Corbett,,Editing,,0,nm0179180,1.094
1546757,Jon Baker,,Crew,,2,nm0048605,0.6
1557546,Nick Jeffries,,Crew,,0,,0.6
1571979,Alan Hall,1929-01-01,Camera,2012-01-01,2,,0.703
1582747,Nik Korda,,Production,,0,nm0004211,1.025
1593071,Cyrille Nomberg,,Art,,0,,0.75
1621448,Tamsin Dorling,,Costume & Make-Up,,0,,0.6
1632385,Damien Lazzerini,,Sound,,2,nm1602310,0.6
1700803,Temple Clark,,Art,,2,nm0164547,0.712
1721855,Virginie Bourdin,,Crew,,0,,0.6
1737943,David Daniels,1962-07-26,Directing,,2,nm0199887,0.612
1738113,Frédéric North,,Crew,,2,nm0636005,1.176
1739826,William Dodds,1976-09-24,Directing,,0,,0.84
1750922,Tommy Gormley,1968-05-03,Production,,2,,1.153
1751489,Mel Kangleon,,Editing,,0,,0.6
1757345,Chris Baker,,Art,,2,nm1193276,0.6
1767242,Tim Browning,,Art,,0,,0.6
1775718,Gary Hymns,,Camera,,0,,1.62
1825356,Laura Ergis,,Costume & Make-Up,,0,,0.6
1834969,Tristan Tarrant,,Sound,,0,,0.6
1915538,Neil Ross,,Art,,0,,0.6
1942685,Emma Brown,,Costume & Make-Up,,0,,0.6
1942749,Damian Mitchell,,Crew,,0,,0.6
1943271,Edward Brett,,Directing,,0,,0.6
2005311,Julia Wilson,,Costume & Make-Up,,0,,0.6
2006847,Russell Pawson,,Crew,,0,,0.6
2020804,Tamazin Simmonds,,Production,,0,,1.746
2040891,Charlotte Leatherland,,Art,,0,,0.828
2059607,Alice Biddle,,Art,,0,,0.6
2072504,Dan Walker,,Art,,0,,0.6
2073923,Richard Goodwin,,Directing,,0,,0.631
2090026,Ben Perry,,Camera,,0,nm0674980,0.6
2111683,Kenny Groom,,Camera,,2,nm0343154,0.6
2114879,György Vesztergombi,,Camera,,0,,0.6
2116271,Lee Oliver,,Art,,0,,0.6
2153662,Emma Bendell,,Production,,0,,2.435
2158615,Satarupa Bradley,,Crew,,0,,0.6
2158616,Giles Asbury,,Art,,0,,0.84
2158617,Jonathan Millward,,Art,,0,,0.6
2165827,Sevendalino Khay,,Visual Effects,,0,,0.6
2250582,Iain Lawrence,,Directing,,0,,0.694
2284443,Lisa Robinson,,Costume & Make-Up,,0,,0.6
2374992,Kim Whittaker,,Directing,,0,,0.6
2544500,Douglas Bunn,,Acting,,0,,0.6
2671243,Jolyon Haverson,,Production,,0,,0.6
2721359,Veronika Dobos,,Crew,,0,,0.6
2801235,Richard Wu,,Crew,,0,,0.6
2983104,Esther Davis,,Crew,,0,,0.6
2983135,Nuala McArdle,,Costume & Make-Up,,0,,0.6
2983146,Linda Bergkvist,,Art,,0,,0.6
2983151,Greg Spalenka,,Art,,0,,0.6
2983152,Ruth Wallington,,Art,,0,,0.6
2983153,Zoe Wilson,,Art,,0,,0.6
2983162,Sophie Tommy,,Crew,,0,,0.6
2983165,Barry Bellotti,,Crew,,0,,0.6
2983170,Colin Gallagher,,Lighting,,0,,0.6
2983173,Tony Hannington,,Lighting,,0,,0.6
2983179,Ben Suter,,Lighting,,0,,0.6
2983181,Jennifer Alford,,Costume & Make-Up,,0,,0.6
2983185,Elizabeth Harrison,,Costume & Make-Up,,0,,0.6
2983187,Harriet Johnson,,Costume & Make-Up,,0,,0.6
2983190,Elaine Mansouri,,Costume & Make-Up,,0,,0.6
2983193,Louise Mills,,Costume & Make-Up,,0,,0.6
2983201,Franz Cotting,,Crew,,0,,0.6
2983203,Roger Eide,,Crew,,0,,0.6
2983204,Emily Glatter,,Production,,0,,0.6
2983205,Aniko Hegedus,,Production,,0,,0.6
2983208,Mari Smith,,Crew,,0,,0.6
2983209,Jeannie Udall,,Crew,,0,,0.6
134,Jamie Foxx,1967-12-13,Acting,,2,nm0004937,13.922
14386,Beyoncé,1981-09-04,Acting,,1,nm0461498,5.383
776,Eddie Murphy,1961-04-03,Acting,,2,nm0000552,17.627
2047,Danny Glover,1946-07-22,Acting,,2,nm0000418,10.039
15565,Jennifer Hudson,1981-09-12,Acting,,1,nm1617685,3.09
15563,Anika Noni Rose,1972-09-06,Acting,,1,nm0741242,9.473
15564,Keith D. Robinson,1976-01-17,Acting,,2,nm0732803,4.163
15566,Sharon Leal,1972-10-17,Acting,,1,nm0495095,11.426
15567,Hinton Battle,1956-11-29,Acting,,2,nm0061507,0.84
95758,Ken Page,1954-01-20,Acting,,2,nm0656238,1.431
15568,Mariah I. Wilson,1994-11-03,Acting,,1,nm2260999,1.543
15569,Yvette Cason,,Acting,,1,nm0143809,0.751
181080,Ralph Louis Harris,,Acting,,2,,1.073
110884,Michael-Leon Wooley,1971-03-29,Acting,,2,nm1496365,2.248
18284,Loretta Devine,1949-08-21,Acting,,1,nm0222643,6.395
12074,John Lithgow,1945-10-19,Acting,,2,nm0001475,12.152
17697,John Krasinski,1979-10-20,Acting,,2,nm1024677,39.195
107939,Jocko Sims,1981-02-20,Acting,,2,nm1544650,7.797
9299,Alexander Folk,1946-05-30,Acting,,2,nm0284273,2.962
154224,Esther Scott,1953-04-13,Acting,2020-02-14,1,nm0779126,2.279
56523,Laura Bell Bundy,1981-04-10,Acting,,1,nm0120410,8.355
111513,Yvette Nicole Brown,1971-08-12,Acting,,1,nm1304328,7.929
150194,Damion Poitier,,Acting,,2,nm1364280,5.214
19547,Gregg Berger,1950-12-10,Acting,,2,nm0074185,4.169
2457016,Anne Elizabeth Warren,,Acting,,0,,0.6
2457019,Stevie Ray Anthony,,Acting,,0,,0.6
173724,Matthew Dickens,,Writing,,0,,0.6
2457020,Jerohn Garnett,,Acting,,0,,0.6
2457021,Mario Mosley,,Acting,,0,,0.6
2457022,Jimmy R.O. Smith,,Acting,,0,,0.6
84709,Tracy Phillips,1982-03-01,Acting,,1,nm0680855,1.436
198137,Rory O'Malley,1980-12-23,Acting,,2,nm1721036,1.96
87079,Jaleel White,1976-11-27,Acting,,2,nm0924918,9.124
495,Debra Zane,,Production,,1,nm0952918,2.486
555,Nancy Haigh,,Art,,1,nm0354101,1.166
8703,Patricia Whitcher,1961-02-12,Production,,1,nm0924357,1.694
9020,David Geffen,1943-02-21,Acting,,2,nm0311691,1.874
9439,Catherine Harper,,Sound,,0,nm0363830,1.357
9440,Christopher Moriana,,Sound,,0,nm0605319,1.399
10685,Laurence Mark,1949-11-22,Production,,2,nm0548257,0.6
15557,Bill Condon,1955-10-22,Directing,,2,nm0174374,7.853
15558,Tom Eyen,,Writing,,0,nm0264132,0.656
15559,Tobias A. Schliessler,1958-11-05,Camera,,2,nm0005859,1.268
15560,Virginia Katz,,Editing,,1,nm0441717,0.716
15571,Henry Krieger,,Sound,,2,nm1561090,0.6
11002,John Myhre,,Art,,2,nm0616924,1.708
15573,Sharen Davis,1957-02-22,Costume & Make-Up,,1,nm0205446,1.22
62723,Stefan Sonnenfeld,,Editing,,0,nm0814406,0.713
83088,Kimberly Ellen Lowe,1957-01-01,Sound,,1,nm0522874,0.6
117867,George Simpson,1944-11-10,Sound,2009-11-01,2,nm0801006,2.268
161787,Dick Ziker,1940-01-15,Crew,,2,nm0004227,1.993
168214,Judy Murdock,,Costume & Make-Up,,0,nm0613792,0.65
960696,Dino Parks,,Crew,,0,nm0662939,0.6
963705,Lizz Wolf,,Costume & Make-Up,,0,nm0937850,0.715
1073307,Ian Slater,,Editing,,2,nm0805379,0.6
1196351,Jeremy Rich,,Production,,0,nm0723662,0.98
1212071,Tannis Vallely,,Production,,0,nm0885021,1.477
1275373,Harvey Mason,1947-02-22,Sound,,2,nm0556733,0.98
1299130,Newton TerMeer,,Lighting,,0,nm0576192,0.6
1322017,Jann K. Engel,1964-01-01,Art,,1,nm0257094,1.4
1328407,Elaine Ramires,,Costume & Make-Up,,0,nm0215820,0.762
1335122,Donald Flick,,Sound,,2,nm0282267,0.6
1340773,Carolyn Tolley,,Directing,,0,nm2443050,0.6
1347321,Aakomon Jones,,Acting,,0,nm1858908,1.063
1347763,Chris Moseley,,Camera,,2,nm0608407,0.6
1355532,Kerry Lyn McKissick,,Directing,,1,nm0572006,1.104
1378162,Stacey S. McIntosh,,Art,,0,nm0570693,0.6
1378246,Lori Harris,,Costume & Make-Up,,0,nm0365022,0.6
1389127,John Berger,,Art,,0,nm0074236,0.98
1389139,David James,,Camera,,2,nm0416407,1.052
1390518,Luis G. Hoyos,,Art,,0,nm0398432,0.6
1391571,Bob Beemer,1955-02-08,Sound,,2,nm0066446,1.22
1394953,Christine Carr,,Editing,,0,nm0139646,0.6
1399141,Michael Minkler,1952-05-14,Sound,,2,nm0591444,0.749
1400066,Rich Romig,,Art,,2,nm0739640,0.6
1400535,Colin Anderson,,Camera,,2,nm0026540,0.6
1400553,Steven M. Saylor,,Art,,0,nm0768513,1.38
1403408,Jennifer Mizener,,Visual Effects,,0,nm1923875,0.6
1404763,Mike Hopkins,1959-08-12,Sound,2012-12-30,2,nm0394243,0.838
1406080,JoAnn Stafford-Chaney,,Costume & Make-Up,,1,nm0821360,0.84
1406130,Yvonne Bastidos,,Costume & Make-Up,,0,nm0060501,0.6
1408278,Erma Kent,,Costume & Make-Up,,0,nm0448737,0.979
1409245,Mike Chiado,,Editing,,0,nm1762468,1.566
1412186,LaLette Littlejohn,,Costume & Make-Up,,0,nm0514728,0.6
1412189,Deidra Dixon,,Costume & Make-Up,,1,nm1522962,0.6
1412213,Fatima Robinson,1971-08-29,Crew,,1,nm0268872,3.699
1412699,David Esparza,1978-02-28,Sound,,2,nm0260785,0.722
1413090,Kirk Corwin,,Art,,2,nm0181651,0.6
1424894,Camille Friend,,Costume & Make-Up,,1,nm0295518,1.4
1425395,Jason Ruder,,Sound,,2,nm1720819,0.98
1428855,Richard E. Yawn,,Sound,,2,nm0946924,1.4
1484536,Jay Binder,,Production,,0,nm0082786,0.6
1526464,Shutchai Tym Buacharern,,Costume & Make-Up,,2,nm0117755,0.98
1532232,Linda Villalobos,,Costume & Make-Up,,0,nm1056360,0.6
1533028,Gary Dahlquist,,Lighting,,0,nm0197127,0.6
1536949,Bob Kretschmer,,Costume & Make-Up,,2,nm0470997,0.833
1537206,Brian A. Tunstall,,Costume & Make-Up,,0,nm0876691,0.6
1537500,Randy Spendlove,1965-01-01,Sound,,0,nm0818184,1.828
1546115,Willie D. Burton,,Sound,,2,nm0123770,0.6
1549073,Anthony 'Spike' Simms,,Lighting,,0,,0.6
1550830,Donald Frazee,,Crew,,0,,0.98
1551514,Lisa Vasconcellos,,Art,,0,,0.6
1551515,Gray Marshall,,Visual Effects,,0,,0.94
1551516,Brian Bartolini,,Lighting,,2,nm0059022,0.6
1551517,Leonard Seagal,,Lighting,,0,,0.6
1551518,Brianna Hoskins,,Camera,,0,,0.98
1551520,Demetricus Holloway,,Costume & Make-Up,,0,nm1109492,0.6
1551521,Tim Boot,,Sound,,0,,0.6
1551522,Joey Pizzi,,Crew,,2,nm0686213,0.6
1551523,Robert Ulrich,,Sound,,2,,1.553
1551525,Kimberly Kimble,,Costume & Make-Up,,0,,1.4
1551528,Andrea Jackson,,Costume & Make-Up,,0,,0.6
1551530,Vera Steimberg,,Costume & Make-Up,,1,,1.954
1551531,Francesca Tolot,,Costume & Make-Up,,0,,0.6
1551532,Alex Romano,,Editing,,0,,0.6
1559224,Matthew Rush Sullivan,,Sound,,0,,0.6
2027203,Tomas Voth,,Art,,0,nm0903789,0.6
2653149,Lorey Hayes,,Acting,,0,,0.6
3085,James Caan,1940-03-26,Acting,,2,nm0001001,20.905
11783,John Houseman,1902-09-22,Acting,1988-10-31,2,nm0002144,7.989
10342,Maud Adams,1945-02-12,Acting,,1,nm0000726,9.291
41269,John Beck,1943-01-28,Acting,,2,nm0065183,6.249
6561,Moses Gunn,1929-10-02,Acting,1993-12-16,2,nm0348214,4.236
33849,Pamela Hensley,1950-10-03,Acting,,1,nm0002135,6.688
103959,Barbara Trentham,1944-08-27,Acting,2013-08-02,1,nm0872184,1.608
1216393,John Normington,1937-01-28,Acting,2007-07-26,2,nm0635712,5.043
10657,Shane Rimmer,1929-05-28,Acting,2019-03-29,2,nm0727300,3.683
21944,Burt Kwouk,1930-07-18,Acting,2016-05-24,2,nm0477297,1.616
152626,Nancy Bleier,,Acting,,1,nm0088194,2.72
12829,Richard LeParmentier,1946-07-16,Acting,2013-04-15,2,nm0503236,1.4
12689,Ralph Richardson,1902-12-19,Acting,1983-10-10,2,nm0724732,6.3
1418622,Valli Kemp,1950-11-19,Acting,,1,nm0447378,2.122
179526,Dick Enberg,1935-01-09,Acting,,2,,0.6
15850,Tony Brubaker,,Acting,,2,nm0115397,2.799
184980,Burnell Tucker,,Acting,,2,nm0875813,5.221
58475,Angus MacInnes,1947-10-27,Acting,,2,nm0532815,5.12
666,Douglas Slocombe,1913-02-10,Camera,2016-02-22,2,nm0005878,1.344
10221,Julie Harris,1921-03-21,Costume & Make-Up,2015-05-30,1,nm0364916,0.6
5805,André Previn,1929-04-06,Sound,2019-02-28,2,nm0006238,1.128
12509,Antony Gibbs,1925-10-17,Editing,2016-02-26,2,nm0316626,0.84
13321,John Box,1920-01-27,Art,2005-03-07,2,nm0101501,0.84
13563,Norman Jewison,1926-07-21,Directing,,2,nm0422484,1.246
16522,Jimmy Nickerson,1949-09-18,Crew,2018-05-04,2,nm0630022,0.649
10829,Patrick J. Palmer,1935-12-28,Production,,2,nm0658404,0.828
63709,Craig R. Baxley,1949-10-20,Directing,,2,nm0062644,3.626
69566,William Harrison,1933-10-29,Writing,,2,nm0365938,0.999
128179,Max Kleven,1933-08-16,Acting,,2,nm0459369,2.212
156869,Bob Minor,1944-01-01,Acting,,2,nm0591567,4.192
161597,Gary Epper,,Acting,,2,nm0258344,3.154
592129,Dar Robinson,1947-03-26,Acting,1986-11-21,2,nm0732512,1.283
1378838,Roy Scammell,1932-07-28,Acting,2021-05-15,2,nm0768882,1.626
2202605,Chuck Parkison Jr.,,Crew,,0,,0.6
854,James Stewart,1908-05-20,Acting,1997-07-02,2,nm0000071,13.953
50570,Jeff Chandler,1918-12-15,Acting,1961-06-17,2,nm0001996,3.99
48958,Debra Paget,1933-08-19,Acting,,1,nm0656428,12.83
100919,Basil Ruysdael,1888-07-24,Acting,1960-10-10,2,nm0752278,1.62
70990,Will Geer,1902-03-09,Acting,1978-04-22,2,nm0002095,8.521
37445,Joyce Mackenzie,1929-10-13,Acting,,1,nm0533339,4.411
50971,Arthur Hunnicutt,1910-02-17,Acting,1979-09-26,2,nm0402277,8.166
55700,Robert Adler,1906-03-24,Acting,1987-12-19,2,nm0012113,1.462
110204,Trevor Bardette,1902-11-19,Acting,1977-11-28,2,nm0054253,3.159
1027353,Chris Willow Bird,1887-02-20,Acting,1968-12-16,2,nm0083359,0.828
1027355,Raymond Bramley,1891-07-19,Acting,1977-11-27,2,nm0104243,0.6
1208018,Chet Brandenburg,1897-10-15,Acting,1974-07-17,2,nm0104585,1.51
113726,Argentina Brunetti,1907-08-31,Acting,2005-12-20,1,nm0116230,3.99
233321,Harry Carter,1906-02-27,Acting,1996-04-01,2,nm0141651,0.6
127032,Iron Eyes Cody,1907-04-03,Acting,1999-01-04,2,nm0002014,3.68
1431758,J.W. Cody,,Acting,,0,nm0168582,1.4
1250223,Heinie Conklin,1886-07-16,Acting,1959-07-30,2,nm0174692,1.978
34130,John Doucette,1921-01-21,Acting,1994-08-16,2,nm0234732,5.049
136779,Nacho Galindo,1908-11-07,Acting,1973-06-22,2,nm0302189,0.783
136126,Robert Griffin,1902-07-31,Acting,1960-12-19,2,nm0341351,1.4
1317628,Jack Kenny,1886-11-16,Acting,1964-05-26,2,nm0448477,1.541
137405,Bob Kortman,1887-12-24,Acting,1967-03-13,2,nm0466773,0.972
10545,Mickey Kuhn,1932-09-21,Acting,,2,nm0474139,5.071
2255129,Al Kunde,,Acting,,0,,0.6
8245,Ted Mapes,,Acting,,0,nm0544578,0.979
50308,Frank McGrath,1903-02-02,Acting,1967-05-13,2,nm0569795,6.663
1064925,Charles Morton,1907-01-28,Acting,1966-10-26,2,nm0607942,1.4
1229431,Jay Silverheels,1912-05-26,Acting,1980-03-05,2,nm0798855,1.854
1536134,Charles Soldani,,Acting,,0,nm0812813,1.073
137003,John War Eagle,1901-06-08,Acting,1991-02-07,2,nm0911272,3.936
120342,Billy Wilkerson,1902-09-18,Acting,1966-03-03,2,nm0929097,2.063
121205,Bud Wolfe,1910-06-10,Acting,1960-04-13,2,nm0938006,0.612
3358,Lyle R. Wheeler,1905-02-12,Art,1990-01-10,2,nm0923907,1.822
8503,Alfred Newman,1901-03-17,Sound,1970-02-17,2,nm0000055,0.755
8508,Thomas Little,1886-08-28,Art,1985-03-05,2,nm0514673,1.079
9803,Bernard Freericks,,Sound,,0,nm0292829,1.166
12278,Julian Blaustein,1913-05-30,Production,1995-06-20,2,nm0087906,0.6
13571,Hugo Friedhofer,1901-05-03,Sound,1981-05-17,2,nm0006087,1.194
26175,Ben Nye,1907-01-12,Costume & Make-Up,1986-02-09,2,nm0638556,0.685
27732,Harry M. Leonard,,Sound,,0,nm0502635,0.75
33176,René Hubert,1895-10-07,Costume & Make-Up,1976-06-05,2,nm0399484,2.563
70940,Albert Maltz,1908-10-28,Writing,1985-04-26,2,nm0540816,1.838
76981,Delmer Daves,1904-07-24,Writing,1977-08-17,2,nm0202681,1.878
103182,J. Watson Webb Jr.,,Editing,,0,nm0915997,0.6
120467,Albert Hogsett,1899-08-18,Art,1980-12-18,2,nm0389750,0.611
137885,Ernest Palmer,1885-12-06,Camera,1978-02-22,2,nm0005823,1.62
155266,Elliott Arnold,1912-09-13,Writing,1980-05-13,2,nm0036433,1.96
231264,Fred Sersen,,Visual Effects,,2,nm0785731,1.22
701959,Edward B. Powell,1909-12-05,Sound,1984-02-28,2,nm0694105,0.98
1309322,Fred J. Rode,1896-05-19,Art,,2,nm0734523,0.6
6968,Hugh Jackman,1968-10-12,Acting,,2,nm0413168,25.157
3293,Rachel Weisz,1970-03-07,Acting,,1,nm0001838,25.386
9560,Ellen Burstyn,1932-12-07,Acting,,1,nm0000995,10.115
1173,Mark Margolis,1939-11-26,Acting,,2,nm0546797,19.379
230,Stephen McHattie,1947-02-03,Acting,,2,nm0565569,8.045
20194,Fernando Hernandez,,Acting,,2,nm2443764,2.72
7248,Cliff Curtis,1968-07-27,Acting,,2,nm0193295,14.244
11868,Sean Patrick Thomas,1970-12-17,Acting,,2,nm0859503,5.425
2517,Donna Murphy,1959-03-07,Acting,,1,nm0614220,5.907
824,Ethan Suplee,1976-05-25,Acting,,2,nm0839486,19.178
5924,Richard McMillan,1951-03-20,Acting,2017-02-19,2,nm0534021,1.061
20195,Lorne Brass,1959-03-26,Acting,,2,nm0105435,1.712
1081122,Abraham Aronofsky,,Acting,,2,nm0036920,4.183
1899670,Janique Kearns,,Acting,,1,,0.6
20196,Boyd Banks,1964-04-16,Acting,,2,nm0052103,5.222
1050988,Alex Bisping,,Acting,,2,nm0084281,2.42
1066472,Kevin Kelsall,,Acting,,2,nm1240738,0.6
2744980,Patrick Vandal,,Acting,,2,,0.6
8374,Iain Smith,1949-01-08,Production,,2,nm0808498,2.386
330,Jay Rabinowitz,,Editing,,2,nm0704950,2.188
376,Arnon Milchan,1944-12-06,Production,,2,nm0586969,3.248
5914,Mary Vernieu,,Production,,1,nm0894611,6.159
4657,Louis Craig,,Visual Effects,,2,nm0185942,1.4
4867,Matthew Libatique,1968-07-19,Camera,,2,nm0508732,3.302
6057,Renée April,,Costume & Make-Up,,1,nm0032513,1.951
6377,Clint Mansell,1963-01-07,Sound,,2,nm0543739,5.26
6431,Darren Aronofsky,1969-02-12,Directing,,2,nm0004716,3.73
6468,Nick Wechsler,2018-05-01,Production,,2,nm0917059,1.646
8704,Isabelle Guay,,Art,,0,nm0345479,2.506
9546,James Chinlund,1971-03-17,Art,,2,nm0157913,8.888
9555,Stephen Barden,,Sound,,0,nm0002486,1.166
9557,Brian Emrich,,Sound,,2,nm0256668,1.016
16499,Henrik Fett,,Visual Effects,,0,nm0275336,1.159
17613,Nicolas Lepage,,Art,,0,nm0503213,1.4
16836,Ari Handel,,Production,,2,nm0359504,0.84
23545,Robin D. Cook,,Production,,1,nm0177259,1.754
30034,Gilles Fortier,,Lighting,,0,nm0287257,0.6
38805,Andrew Weisblum,,Editing,,2,nm0918733,0.972
76003,Susan Hegarty,,Crew,,1,nm0373682,1.38
92237,François Daignault,1965-12-08,Camera,,2,nm0197288,0.6
405004,Patrick Rousseau,,Sound,,2,nm0745970,0.6
1204225,Brent Lambert,1975-12-10,Art,,2,nm1976999,0.98
1268981,Matthew Gratzner,,Visual Effects,,0,nm0336054,2.503
1293479,Marc Désourdy,1964-01-01,Crew,,2,nm0246388,1.26
1304276,Steve Baine,,Sound,,0,nm0047768,2.066
1319389,Blanche Boileau,,Costume & Make-Up,,0,,0.828
1327222,Philippe Lord,,Art,,0,nm1153429,1.22
1327907,Jean-Pierre Paquet,,Art,,0,nm0660698,0.84
1337464,Dominick Tavella,,Sound,,2,nm0003838,0.6
1337469,Nic Ratner,,Sound,,2,nm0711846,1.146
1340345,Craig Henighan,,Sound,,0,nm0003357,4.835
1340346,Jill Purdy,,Sound,,1,nm0700829,1.192
1364796,Alex Bullick,,Sound,,0,nm1140142,1.4
1384359,Félix Larivière-Charron,,Art,,0,nm3966283,1.176
1391751,Frédéric Amblard,,Art,,0,nm2238763,0.6
1391756,Alex Touikan,,Art,,0,nm2020859,0.98
1391762,Camille Parent,,Art,,0,nm0661267,0.692
1392106,Takashi Seida,,Camera,,0,nm0782335,0.84
1394740,Helene Lamarre,,Art,,1,nm0482857,1.094
1394742,Simon Chamberland,,Crew,,0,nm0150237,0.6
1394748,Stephen Gilbert,,Crew,,0,nm0318245,0.6
1394751,Persis Reynolds,,Visual Effects,,0,nm1356327,0.6
1394757,John Lewin,,Lighting,,0,nm0506823,0.6
1394760,Kimi Webber,1970-09-24,Directing,,1,nm0916396,1.4
1398972,Pete Romano,,Camera,,2,nm0738943,1.48
1400354,Amy Pawlowski,,Editing,,0,nm0186252,1.048
1401600,Jess Platt,,Crew,,0,nm0686867,0.6
1401790,Jenny Foster,,Visual Effects,,0,nm1230991,0.994
1402029,Louis Morin,,Visual Effects,,0,nm0605553,0.652
1406794,Dow Griffith,,Production,,0,nm0341480,0.6
1418487,Lorene Simpson,,Editing,,0,nm1541373,0.98
1420574,Sylvaine Dufaux,,Camera,,0,nm0240341,0.705
1438616,Phil Jones,,Visual Effects,,0,nm1240749,1.614
1445370,Nelson Ferreira,,Sound,,2,nm0274399,0.6
1447119,Martine Giguère-Kazemirchuk,,Art,,0,nm0317687,0.6
1447120,Daniel Hamelin,1959-12-30,Art,,0,nm0357569,1.22
1447121,Jean-Jacques Dion,,Costume & Make-Up,,0,nm1363334,0.6
1447122,Jocelyne Bellemare,,Costume & Make-Up,,0,nm0068855,0.6
1447124,Julie Casault,,Costume & Make-Up,,0,nm0143078,0.6
1447125,Natacha Antiglio,,Art,,0,nm1434369,0.6
1447128,Yuan-Frédéric D'Amour,,Art,,0,nm1318667,0.6
1447131,Raymond J. Légaré,,Art,,0,nm2746394,0.6
1447136,Jean-Pierre Lavoie,,Art,,0,nm1078915,0.6
1447142,Mike Patrick,,Crew,,0,nm1401283,0.6
1447143,Jeremy Oddo,,Visual Effects,,0,nm1090822,0.6
1447144,Philippe Sylvain,,Visual Effects,,0,nm2178384,0.6
1447146,Thai Son Doan,,Visual Effects,,0,nm1942138,0.6
1447147,Michel Héroux,,Visual Effects,,0,nm0405765,0.6
1447148,Mark G. Soper,,Visual Effects,,0,nm0814638,0.732
1447149,Laurent M. Abecassis,,Visual Effects,,0,nm1710138,0.6
1447150,Raymond Gieringer,,Visual Effects,,0,nm0317386,0.98
1447151,Gunnar Hansen,,Visual Effects,,2,nm0360816,0.6
1447152,Peter Oberdorfer,,Visual Effects,,0,nm1844719,0.6
1447153,Elfego Vinicio Pena Castellanos,,Production,,0,nm2732757,0.6
1447155,Warren Langford,,Editing,,0,nm1195249,0.6
1447156,Jennifer Apel,,Editing,,0,nm0031983,0.6
1447157,Michel Mollicone,,Crew,,0,nm0597061,0.6
1447161,Pierre Brunet,,Production,,0,nm0116209,0.6
1447162,Christian Biron,,Production,,0,nm0003559,0.6
1447164,Cara Leibovitz,,Crew,,0,nm1055741,0.6
976,Jason Statham,1967-07-26,Acting,,2,nm0005458,91.557
14541,Chris Sarandon,1942-07-24,Acting,,2,nm0001697,14.798
20904,James Hong,1929-02-22,Acting,,2,nm0393222,12.598
565675,Catherine Chan,,Acting,,1,nm4313845,6.434
31512,Robert John Burke,1960-09-12,Acting,,2,nm0121559,5.916
56675,Anson Mount,1973-02-25,Acting,,2,nm0609845,47.11
22075,Reggie Lee,1975-10-04,Acting,,2,nm0498046,15.282
82631,Joseph Sikora,1976-06-27,Acting,,2,nm0797746,11.086
52761,Igor Jijikine,1965-07-10,Acting,,2,nm1216826,6.933
1557632,Elissa Middleton,,Acting,,1,nm3082420,0.84
159850,Jack Gwaltney,1960-09-15,Acting,,2,nm0350304,1.958
163976,Barry Bradford,,Acting,,0,nm0102997,0.6
170240,Jay Giannone,,Acting,,2,nm0316310,1.788
1668397,Laurence Covington,1977-10-30,Acting,,2,,0.6
79651,Matt O'Toole,,Acting,,0,nm0642867,1.018
1194168,Shing Ka,,Acting,,2,nm1141691,0.6
1422570,Sándor Técsy,1946-08-24,Acting,2011-12-15,2,nm0879381,0.888
115975,James Colby,1961-09-20,Acting,2018-02-23,2,nm0170357,3.265
547479,Danni Lang,,Acting,,1,nm3003737,2.721
1781693,Scott Nicholson,,Acting,,2,,1.4
1610941,Lyman Chen,,Acting,,2,nm1938820,2.074
124909,Danny Hoch,1970-11-23,Acting,,2,nm0387773,1.514
1343850,John Wooten,,Acting,,0,,0.84
127070,Brian Anthony Wilson,1960-02-22,Acting,,2,nm0933096,0.985
108922,Suzanne Savoy,,Acting,,1,nm0767929,2.472
131038,Dan McCabe,,Acting,,2,nm1035727,0.84
59280,Victor Pagan,,Acting,,0,nm1043006,1.887
60567,Marvina Vinique,,Acting,,0,nm2191861,2.33
592288,Jennifer Skyler,,Acting,,1,nm2375315,3.448
1366809,Kate Rogal,1983-11-02,Acting,,1,,2.372
2201528,Tony Cheng,,Acting,,2,nm1919573,0.6
1467444,Oksana Lada,,Acting,,1,nm0045007,4.398
206398,John Cenatiempo,1963-03-05,Crew,,2,nm0127362,9.304
385220,Dan Shea,1954-12-23,Acting,,2,nm0790264,0.94
1190771,George B. Colucci Jr.,,Crew,,2,nm0173338,0.751
1642827,Matt Dellapina,,Acting,,0,nm2768526,0.786
1451123,Stephen Oyoung,,Acting,,2,nm2432430,4.72
1720786,Tim Carr,1976-05-25,Acting,,2,nm0139882,1.956
66069,Daoud Heidami,,Acting,,0,nm2821904,3.603
1410040,Ben Sinclair,,Acting,,0,nm4161154,1.96
2188583,Oleg Ivanov,,Acting,,0,,1.708
131532,J. J. Perry,,Crew,,2,nm0675102,2.325
9437,Hank Amos,,Crew,,2,nm0025305,5.715
158825,Simon Rhee,1957-10-28,Acting,,2,nm0722223,2.594
702,Philip Tan,1960-01-01,Acting,,2,nm0848883,5.976
94089,James Lew,1952-09-06,Acting,,2,nm0506699,1.573
182213,Marcus Young,1972-10-01,Acting,,2,nm0949852,1.565
1427715,Jon Valera,1975-10-02,Crew,,0,nm0884497,3.739
1089920,Tim Connolly,,Acting,,2,nm1132085,2.312
2545,Lawrence Bender,1957-10-17,Production,,2,nm0004744,5.206
1979,Kevin Spacey,1959-07-26,Acting,,2,nm0000228,10.082
1919,Stefan Czapsky,1950-12-15,Camera,,2,nm0194356,2.023
6223,Deepak Nayar,,Production,,2,nm0623235,3.615
5493,Ann Roth,1931-10-30,Costume & Make-Up,,1,nm0744778,1.428
5666,Mark Mothersbaugh,1950-05-18,Sound,,2,nm0006205,6.626
5669,Douglas Aibel,,Production,,2,nm0014428,1.704
13177,Marc Fishman,1969-04-09,Sound,,2,nm0279892,1.38
16494,Jesse Rosenthal,,Art,,2,nm1425920,0.6
16496,Diane Heller,,Costume & Make-Up,,0,nm0375298,0.6
18513,Michelle Matland,,Costume & Make-Up,,1,nm0559133,0.6
30912,Paul C. Nesmith,,Editing,,0,nm1343093,0.6
52358,Boaz Yakin,1966-06-20,Writing,,2,nm0945026,6.081
54417,Dana Brunetti,1973-06-11,Production,,2,nm0116232,0.6
59422,Dennis Thorlaksen,,Visual Effects,,0,nm0861263,0.6
59522,Stuart Ford,,Production,,2,nm1023349,0.84
62434,Frédéric Thoraval,1973-02-18,Editing,,2,nm1754850,1.008
91042,Al Cerullo,,Crew,,2,nm0148844,3.463
227218,Jeff Mazzola,,Production,,0,nm0002520,1.96
548437,Kimaree Long,,Sound,,0,nm0519060,0.618
566668,Michael M. Silver,,Lighting,,0,nm1831143,0.6
930016,Dror Mohar,,Sound,,2,nm3346677,0.6
965149,Joseph Zolfo,,Production,,2,nm0957670,0.6
999763,Brian Kavanaugh-Jones,,Production,,0,nm2271939,2.52
1047628,Keith Croket,,Editing,,2,nm0188559,0.6
1049456,Ben Wilkins,,Sound,,2,nm0929240,0.996
1066776,Liz Gallacher,,Sound,,1,nm0302317,0.988
1123794,John R. Woodward,1951-01-01,Directing,,2,nm0003440,1.887
1317605,Bryony Foster,,Art,,0,nm0287710,0.6
1332188,Jerry Popolis,,Costume & Make-Up,,2,nm0691315,0.921
1335150,Bryan Baker,,Crew,,0,nm3242004,0.6
1335152,Tom Quinn,,Directing,,2,nm2360800,0.6
1352969,Wylie Stateman,,Sound,,2,nm0823758,2.33
1387195,Adam Jenkins,,Sound,,2,nm0420756,0.766
1389568,Paul Williams,,Art,,2,nm1005307,0.98
1393371,Vinny Mazzarella,,Art,,2,nm0563498,0.6
1395023,Bill R. Dean,1972-08-02,Sound,,2,nm1192908,0.968
1399072,Deborah Maxwell Dion,,Production,,1,nm0227910,1.954
1403191,Andrea D'Amico,,Visual Effects,,0,nm0195110,0.6
1405319,Christine Fennell,,Costume & Make-Up,,1,nm2633002,0.6
1413097,Mark Shoaf,,Crew,,0,nm0794652,0.6
1414917,Joseph Farulla,,Costume & Make-Up,,0,nm0268603,0.84
1416826,Amy Leigh Johnson,,Crew,,1,nm0500154,0.6
1418491,Kim Berner,,Directing,,0,nm0076689,0.694
1419815,Robb Foglia,,Directing,,0,nm0283957,0.6
1428229,Jordan Corngold,,Sound,,0,nm0180383,0.668
1428583,Diane Dixon,,Costume & Make-Up,,0,nm1265623,0.6
1440308,Cory Hamilton,,Editing,,0,nm1411282,0.6
1447849,John Keating,,Camera,,0,,0.6
1461162,Kevin Fanning,,Visual Effects,,0,nm1891389,0.6
1464961,Eric Tramp,,Camera,,0,nm0870813,0.6
1468070,Henry Russell Bergstein,,Production,,0,nm2041261,1.264
1513207,Kenn Hamilton,,Costume & Make-Up,,0,nm1439530,0.6
1516293,Amy Roth,,Costume & Make-Up,,0,nm0744775,0.98
1525930,David Taicher,,Camera,,0,nm1139713,1.38
1526957,April Hodick,,Art,,0,nm2237953,1.4
1527507,Kelly Le Vine,,Costume & Make-Up,,0,nm4215820,0.6
1532750,Erika Abrams,,Visual Effects,,0,nm2342137,0.6
1533562,Teri-Lyn Pugliese,,Costume & Make-Up,,0,nm1022078,0.6
1535090,Fred Pienkos,,Visual Effects,,0,nm1266760,0.663
1551025,Tom Nelson,,Sound,,2,nm0625794,0.6
1556316,Patrick Cusack,,Sound,,2,nm1369287,0.84
1556318,Masanobu 'Tomi' Tomita,,Sound,,0,nm0866732,0.98
1651769,Tally Morse,,Camera,,0,nm0607682,0.6
1657911,Ken McCallum,,Camera,,0,,0.6
1713075,Stephen Nakamura,,Editing,,2,nm0620231,0.802
1739877,Rebecca Strickland,,Directing,,0,,0.84
1768955,Brian Jochum,,Visual Effects,,0,,0.6
1768957,Alan Munro,,Art,,0,,0.608
1831755,John Baer,,Camera,,2,nm0046360,0.6
1931505,Mark Catania,,Camera,,0,,0.6
1989464,John Jones,,Costume & Make-Up,,0,,0.6
1989465,Karen Reuter Fabbo,,Costume & Make-Up,,0,,0.828
1989466,Jeremy Fernsler,,Visual Effects,,0,,0.6
1989467,Mike Morse,,Visual Effects,,0,,0.6
1989468,Kurt Lennig,,Lighting,,0,,1.4
1989472,Lawrence Price,,Lighting,,0,,0.6
1989473,Jeffrey A. Eplett,,Lighting,,0,,0.6
1989474,Dean Stankiewicz,,Lighting,,0,,0.6
1989475,Jay Stuart,,Lighting,,0,,0.6
1989476,Ethan Rosenduft,,Lighting,,0,,0.6
1989477,Dan Denitto,,Camera,,0,,0.6
2241931,Billy Tilk,,Acting,,2,,1.171
5402,Giulietta Masina,1921-02-23,Acting,1994-03-23,1,nm0556399,4.988
27440,François Périer,1919-11-10,Acting,2002-06-28,2,nm0673749,1.492
543085,Franca Marzi,1926-08-18,Acting,1989-03-06,1,nm0555807,0.84
31989,Amedeo Nazzari,1907-12-10,Acting,1979-11-05,2,nm0623443,3.986
5404,Aldo Silvani,1891-01-21,Acting,1964-11-12,2,nm0798570,1.932
125357,Dorian Gray,1928-02-02,Acting,2011-02-15,1,nm0336582,1.244
128674,Ennio Girolami,1935-01-14,Acting,2013-02-16,2,nm0320942,2.614
5409,Mario Passante,,Acting,,0,nm0664811,0.84
29431,Franco Balducci,1922-11-23,Acting,2001-06-07,2,nm0049836,1.48
144992,Ciccio Barbi,1920-12-12,Acting,,2,nm0053582,0.6
587455,Luciano Bonanni,1927-05-21,Acting,1997-08-11,0,nm0093749,0.6
1848241,Leo Catozzo,1912-12-10,Editing,1997-03-04,2,,0.625
225190,Mimmo Poli,1922-06-01,Acting,1986-04-04,2,nm0689060,1.294
545542,Dominique Delouche,1931-04-09,Directing,,2,nm0217762,1.094
30832,Franco Fabrizi,1926-02-15,Acting,1995-10-18,2,nm0264770,1.58
1385763,Sandro Moretti,1931-10-09,Acting,,2,nm0604304,2.236
1171344,Polidor,1887-05-19,Acting,1977-12-03,2,nm0689113,0.855
1145706,María Luisa Rolando,,Acting,,0,nm0738106,1.176
1137526,Gianni Baghino,1919-06-25,Acting,1995-04-23,0,nm0046673,0.6
72926,Riccardo Fellini,1922-02-21,Acting,1991-03-26,2,nm0271466,0.84
1393898,Amedeo Girardi,,Acting,,0,,0.6
1089216,Nino Milano,1920-02-28,Acting,1989-03-07,2,nm0586865,0.6
1664478,Sergio Parlato,,Acting,,0,,0.6
3333200,Christian Tassou,,Acting,,0,,0.6
3098,Nino Rota,1911-12-03,Sound,1979-04-10,2,nm0000065,7.53
4415,Federico Fellini,1920-01-20,Directing,1993-10-31,2,nm0000019,4.769
5396,Tullio Pinelli,1908-06-24,Writing,2009-03-07,2,nm0684083,1.447
5397,Ennio Flaiano,1910-03-05,Writing,1972-11-20,2,nm0280919,2.978
5398,Dino De Laurentiis,1919-08-08,Production,2010-11-11,2,nm0209569,2.72
5681,Piero Gherardi,1909-11-20,Art,1971-06-08,2,nm0315662,1.08
5970,Pier Paolo Pasolini,1922-03-05,Directing,1975-11-02,2,nm0001596,9.117
27853,Emimmo Salvi,,Writing,,0,nm0759433,1.368
32381,Aldo Tonti,1910-03-02,Camera,1988-07-07,2,nm0005905,1.4
43703,Manolo Bolognini,,Production,,0,nm0093257,0.6
120184,Luigi De Laurentiis,1917-02-16,Production,1992-03-30,2,nm0209577,0.6
1176688,Franco Ferrara,1911-07-04,Sound,1985-09-07,2,nm0273974,0.6
1177506,Paolo Nuzzi,,Directing,,0,nm0638408,0.6
1391607,Goffredo Bellisario,,Camera,,0,nm0069075,0.6
1462153,Moraldo Rossi,,Directing,,0,,0.6
1538486,Eligio Trani,,Costume & Make-Up,,0,nm0870968,0.6
1538531,Oscar Di Santo,,Sound,,0,nm0224288,0.6
1667307,Rocco Roy Mangano,,Sound,,2,nm0536184,1.96
2604495,Adriana Olasio,,Editing,,0,,0.6
3332648,Narciso Vicario,,Directing,,0,,0.6
