MovieID,PersonID,PopularityOnRelease,Job,Department
1430,17087,3.615,Actor,Acting
1430,46432,2.404,Actor,Acting
1430,19011,2.902,Actor,Acting
1430,10017,14.634,Actor,Acting
1430,1335009,0.6,Actor,Acting
1430,1335010,0.98,Actor,Acting
1430,46433,5.567,Actor,Acting
1430,1335011,0.6,Actor,Acting
1430,1335012,0.6,Actor,Acting
1430,1335013,0.6,Actor,Acting
1430,116341,1.877,Actor,Acting
1430,1335015,0.6,Actor,Acting
1430,1335016,1.008,Actor,Acting
1430,1335017,0.6,Actor,Acting
1430,1335018,0.6,Actor,Acting
1430,34518,4.154,Actor,Acting
1430,1413524,0.6,Actor,Acting
1430,1413526,0.694,Actor,Acting
1430,9315,3.737,Actor,Acting
1430,2632,13.617,Actor,Acting
1430,566295,1.22,Actor,Acting
1430,2041195,3.007,Actor,Acting
1430,174981,4.093,Actor,Acting
1430,46430,0.626,Producer,Production
1430,35032,0.786,Producer,Production
1430,46431,0.6,Executive Producer,Production
1430,92381,0.6,Sound Effects Editor,Sound
1430,96082,1.298,Thanks,Crew
1430,120857,0.6,Sound Effects Editor,Sound
1430,408353,0.6,Supervising Producer,Production
1430,553646,0.6,Camera Operator,Camera
1430,567559,0.6,Editor,Editing
1430,1030371,0.6,Additional Camera,Camera
1430,1163706,4.119,Camera Operator,Camera
1430,1168210,0.6,Assistant Editor,Editing
1430,1242507,0.6,Producer,Production
1430,1247760,0.98,Producer,Production
1430,1332125,0.6,Sound Effects Editor,Sound
1430,1375099,0.6,Sound Re-Recording Mixer,Sound
1430,1439773,0.6,Line Producer,Production
1430,1554651,0.6,Additional Camera,Camera
1430,1554652,0.6,Additional Camera,Camera
1430,1554653,0.6,Additional Camera,Camera
1430,1554654,0.6,Additional Camera,Camera
1430,1969619,0.6,Supervising Sound Editor,Sound
1430,2218650,0.6,Sound,Sound
1430,2610293,0.6,Original Music Composer,Sound
1430,2992146,0.6,Sound,Sound
11165,1936,11.014,Actor,Acting
11165,68411,2.162,Actor,Acting
11165,7664,5.682,Actor,Acting
11165,5249,6.876,Actor,Acting
11165,118989,2.801,Actor,Acting
11165,6577,11.646,Actor,Acting
11165,106165,3.106,Actor,Acting
11165,66712,1.501,Actor,Acting
11165,123379,0.665,Actor,Acting
11165,123380,3.509,Actor,Acting
11165,123381,1.05,Actor,Acting
11165,13994,2.806,Actor,Acting
11165,123382,0.766,Actor,Acting
11165,12312,6.666,Actor,Acting
11165,63707,1.883,Actor,Acting
11165,15953,4.222,Actor,Acting
11165,29719,6.128,Actor,Acting
11165,9112,9.35,Actor,Acting
11165,76980,1.176,Actor,Acting
11165,138445,1.176,Actor,Acting
11165,14564,7.635,Actor,Acting
11165,7139,5.217,Actor,Acting
11165,1163994,0.6,Actor,Acting
11165,1459109,1.4,Actor,Acting
11165,161326,1.008,Actor,Acting
11165,14576,7.645,Actor,Acting
11165,9110,5.194,Actor,Acting
11165,1228096,0.6,Actor,Acting
11165,1459104,0.6,Actor,Acting
11165,14067,1.117,Actor,Acting
11165,24549,2.034,Actor,Acting
11165,134346,2.051,Actor,Acting
11165,30907,1.484,Actor,Acting
11165,123384,0.707,Actor,Acting
11165,1093745,0.6,Actor,Acting
11165,1560998,0.6,Actor,Acting
11165,1374832,0.6,Actor,Acting
11165,153618,1.936,Actor,Acting
11165,18709,3.207,Actor,Acting
11165,548040,1.102,Actor,Acting
11165,93100,0.648,Actor,Acting
11165,83640,1.774,Actor,Acting
11165,1076386,1.582,Actor,Acting
11165,1421073,1.128,Actor,Acting
11165,224666,1.223,Actor,Acting
11165,1594339,0.98,Actor,Acting
11165,235380,1.052,Actor,Acting
11165,124848,1.652,Actor,Acting
11165,227974,1.71,Actor,Acting
11165,119981,0.6,Actor,Acting
11165,3389266,0.6,Actor,Acting
11165,210420,1.253,Actor,Acting
11165,108023,0.706,Actor,Acting
11165,16417,6.018,Actor,Acting
11165,2458444,0.6,Actor,Acting
11165,3389268,0.6,Actor,Acting
11165,552343,1.052,Actor,Acting
11165,1990130,0.84,Actor,Acting
11165,136875,0.84,Actor,Acting
11165,30473,0.6,Actor,Acting
11165,96637,1.817,Actor,Acting
11165,2577427,0.6,Actor,Acting
11165,82837,3.457,Actor,Acting
11165,1130451,3.223,Actor,Acting
11165,85988,4.971,Actor,Acting
11165,1329623,0.84,Actor,Acting
11165,1668553,1.4,Actor,Acting
11165,2652,2.503,Actor,Acting
11165,1566051,0.98,Actor,Acting
11165,2981464,0.6,Actor,Acting
11165,120348,1.419,Actor,Acting
11165,239493,2.059,Actor,Acting
11165,2662415,0.6,Actor,Acting
11165,89704,1.176,Actor,Acting
11165,91243,2.172,Actor,Acting
11165,2470600,0.6,Actor,Acting
11165,95563,2.206,Actor,Acting
11165,34726,5.277,Actor,Acting
11165,3390281,0.6,Actor,Acting
11165,3389102,0.6,Actor,Acting
11165,3173,3.716,Actor,Acting
11165,1808938,0.728,Actor,Acting
11165,85774,3.175,Actor,Acting
11165,30272,2.564,Actor,Acting
11165,1208039,2.372,Actor,Acting
11165,161001,0.6,Actor,Acting
11165,93899,1.053,Actor,Acting
11165,1459105,0.6,Actor,Acting
11165,161724,0.84,Actor,Acting
11165,3390283,0.6,Actor,Acting
11165,16070,2.06,Actor,Acting
11165,551815,0.6,Actor,Acting
11165,1531,0.6,Editor,Editing
11165,2087,2.849,Director,Directing
11165,2108,1.008,Producer,Production
11165,5026,15.512,Screenplay,Writing
11165,20827,2.023,Screenplay,Writing
11165,8502,1.586,Executive Producer,Production
11165,8506,1.4,Art Direction,Art
11165,9061,1.135,Art Direction,Art
11165,14526,1.355,Makeup Supervisor,Costume & Make-Up
11165,18656,0.972,Sound Recordist,Sound
11165,31074,4.162,Director,Directing
11165,33132,1.627,Art Direction,Art
11165,34373,1.4,Screenplay,Writing
11165,68412,2.768,Director,Directing
11165,68413,0.6,Novel,Writing
11165,68414,0.6,Screenplay,Writing
11165,68415,0.98,Novel,Writing
11165,68416,0.6,Editor,Editing
11165,68417,0.7,Editor,Editing
11165,122108,1.166,Makeup Artist,Costume & Make-Up
11165,583142,0.6,Script Supervisor,Directing
11165,1384144,0.6,Art Direction,Art
11165,1384145,0.6,Set Decoration,Art
11165,1384146,0.6,Sound Recordist,Sound
11165,1384147,0.84,Sound Recordist,Sound
11165,1384148,0.6,Sound Recordist,Sound
11165,1384149,0.6,Sound Recordist,Sound
11165,1972363,0.6,Wardrobe Supervisor,Costume & Make-Up
279828,34847,22.177,Actor,Acting
279828,212686,6.163,Actor,Acting
279828,123813,6.704,Actor,Acting
279828,20215,11.632,Actor,Acting
279828,39977,5.759,Actor,Acting
279828,78044,7.25,Actor,Acting
279828,1024711,6.97,Actor,Acting
279828,8694,4.533,Actor,Acting
279828,568714,6.941,Actor,Acting
279828,91538,1.971,Actor,Acting
279828,1336420,1.22,Actor,Acting
279828,221115,4.353,Actor,Acting
279828,1527863,1.43,Actor,Acting
279828,1215004,1.802,Script,Crew
279828,1336419,0.652,Novel,Writing
279828,1364163,1.22,Executive Producer,Production
18250,1905,13.211,Actor,Acting
18250,82830,3.959,Actor,Acting
18250,1418622,1.837,Actor,Acting
18250,10021,4.298,Actor,Acting
18250,137924,5.693,Actor,Acting
18250,104757,2.197,Actor,Acting
18250,133002,2.142,Actor,Acting
18250,91663,1.696,Actor,Acting
18250,83133,2.33,Actor,Acting
18250,82549,2.685,Actor,Acting
18250,59074,1.378,Actor,Acting
18250,5,13.955,Actor,Acting
18250,42572,0.84,Actor,Acting
18250,29427,2.938,Actor,Acting
18250,26490,2.957,Actor,Acting
18250,10461,11.057,Actor,Acting
18250,198556,0.94,Actor,Acting
18250,157602,2.147,Actor,Acting
18250,20937,2.481,Screenplay,Writing
18250,21516,1.015,Director of Photography,Camera
18250,30904,2.49,Executive Producer,Production
18250,43796,0.6,Editor,Editing
18250,51727,1.051,Screenplay,Writing
18250,51730,0.732,Executive Producer,Production
18250,82562,1.473,Producer,Production
18250,82649,0.6,Characters,Writing
18250,82650,0.6,Characters,Writing
18250,1210144,0.631,Makeup Artist,Costume & Make-Up
18250,1370816,0.6,Sound Recordist,Sound
18250,1410058,0.6,Casting,Production
18250,1418623,0.6,Original Music Composer,Sound
18250,1469046,0.6,Hairstylist,Costume & Make-Up
18250,1562529,0.6,Sound Effects Editor,Sound
18250,1588245,0.6,Sound Recordist,Sound
59468,8349,8.538,Actor,Acting
59468,2880,11.519,Actor,Acting
59468,13549,10.491,Actor,Acting
59468,31387,4.276,Actor,Acting
59468,34715,3.559,Actor,Acting
59468,10698,8.315,Actor,Acting
59468,3822,15.464,Actor,Acting
59468,64014,2.787,Actor,Acting
59468,24496,1.151,Actor,Acting
59468,106707,0.696,Actor,Acting
59468,5310,2.764,Actor,Acting
59468,49275,6.723,Actor,Acting
59468,2454,6.21,Actor,Acting
59468,42935,6.372,Actor,Acting
59468,1344133,0.6,Actor,Acting
59468,3727,1.879,Executive Producer,Production
59468,5914,5.048,Casting,Production
59468,15221,3.835,Music,Sound
59468,16439,0.84,Production Design,Art
59468,17083,1.4,Producer,Production
59468,48457,0.728,Editor,Editing
59468,54528,0.856,Executive Producer,Production
59468,66984,0.681,Director of Photography,Camera
59468,67999,0.6,Executive Producer,Production
59468,126180,0.6,Producer,Production
59468,962756,0.658,Costume Design,Costume & Make-Up
59468,971538,6.386,Thanks,Crew
59468,1014920,0.6,Casting,Production
59468,1047946,0.6,Writer,Writing
59468,1121999,0.6,Boom Operator,Sound
59468,1155650,0.84,Executive Producer,Production
59468,1234765,1.102,Executive Producer,Production
59468,1344136,0.6,Associate Producer,Production
59468,1344137,0.98,Associate Producer,Production
59468,1344138,0.6,Executive Producer,Production
59468,1344142,1.4,Line Producer,Production
59468,1344143,0.6,Co-Producer,Production
59468,1344145,0.6,Art Direction,Art
59468,1344146,0.6,Art Direction,Art
59468,1344149,0.6,Makeup Artist,Costume & Make-Up
59468,1344151,0.6,Hairstylist,Costume & Make-Up
59468,1344152,0.6,Script Supervisor,Directing
13671,40202,7.109,Actor,Acting
13671,60158,6.244,Actor,Acting
13671,67393,6.574,Actor,Acting
13671,20603,3.599,Actor,Acting
13671,127641,1.379,Actor,Acting
13671,179384,2.607,Actor,Acting
13671,165758,0.861,Actor,Acting
13671,982774,0.6,Actor,Acting
13671,151609,0.6,Actor,Acting
13671,85845,0.602,Actor,Acting
13671,85846,4.857,Actor,Acting
13671,20624,4.399,Actor,Acting
13671,1060858,0.98,Actor,Acting
13671,29579,3.143,Actor,Acting
13671,30849,4.183,Actor,Acting
13671,95301,3.515,Actor,Acting
13671,85409,3.998,Actor,Acting
13671,30299,4.33,Actor,Acting
13671,1161029,0.6,Actor,Acting
13671,103503,1.905,Actor,Acting
13671,1787560,2.628,Actor,Acting
13671,1197163,0.6,Actor,Acting
13671,1624216,1.651,Actor,Acting
13671,157710,1.844,Actor,Acting
13671,951663,0.677,Actor,Acting
13671,2654,2.669,Director of Photography,Camera
13671,2773,1.62,Editor,Editing
13671,4126,1.327,Set Decoration,Art
13671,4313,6.699,Makeup Supervisor,Costume & Make-Up
13671,16538,0.697,Hair Supervisor,Costume & Make-Up
13671,18370,1.176,Sound,Sound
13671,87521,0.6,Director,Directing
13671,81385,0.6,Hairstylist,Costume & Make-Up
13671,424103,0.6,Music,Sound
13671,1020669,0.611,Art Direction,Art
13671,1177423,1.38,Story,Writing
13671,1218841,1.4,Screenplay,Writing
13671,2218083,0.6,First Assistant Camera,Camera
8992,3036,19.022,Actor,Acting
8992,32389,2.286,Actor,Acting
8992,504,24.975,Actor,Acting
8992,9259,4.181,Actor,Acting
8992,22137,10.308,Actor,Acting
8992,37045,11.918,Actor,Acting
8992,1161735,0.6,Actor,Acting
8992,104431,0.84,Actor,Acting
8992,17191,2.596,Actor,Acting
8992,1161736,0.6,Actor,Acting
8992,152936,1.231,Actor,Acting
8992,195805,0.6,Actor,Acting
8992,21475,4.715,Actor,Acting
8992,3227,2.277,Actor,Acting
8992,8189,3.799,Actor,Acting
8992,1227269,0.6,Actor,Acting
8992,1559512,0.6,Actor,Acting
8992,116913,0.6,Actor,Acting
8992,66485,1.788,Actor,Acting
8992,116536,1.852,Actor,Acting
8992,4203,3.104,Actor,Acting
8992,1412166,0.6,Actor,Acting
8992,154073,3.973,Actor,Acting
8992,9633,5.302,Actor,Acting
8992,2563,1.4,Actor,Acting
8992,100490,2.951,Actor,Acting
8992,79744,5.665,Actor,Acting
8992,152670,0.875,Actor,Acting
8992,3118238,0.828,Actor,Acting
8992,11519,9.53,Actor,Acting
8992,1237495,1.708,Actor,Acting
8992,3147835,0.6,Actor,Acting
8992,2307563,1.687,Actor,Acting
8992,1434987,3.697,Actor,Acting
8992,2874,3.283,Casting,Production
8992,2950,2.214,Director of Photography,Camera
8992,3026,6.376,Director,Directing
8992,3032,1.016,Editor,Editing
8992,3275,2.21,Casting,Production
8992,4504,1.906,Producer,Production
8992,7933,1.193,Writer,Writing
8992,9249,1.956,Production Manager,Production
8992,31903,12.763,Executive Producer,Production
8992,18663,0.6,Original Music Composer,Sound
8992,56514,1.48,Writer,Writing
80271,3416,16.577,Actor,Acting
80271,230680,10.885,Actor,Acting
80271,45827,17.769,Actor,Acting
80271,589098,5.121,Actor,Acting
80271,11155,19.423,Actor,Acting
80271,4496,6.92,Actor,Acting
80271,19487,20.399,Actor,Acting
80271,26473,10.532,Actor,Acting
80271,205204,4.05,Actor,Acting
80271,54503,6.608,Actor,Acting
80271,6069,6.395,Actor,Acting
80271,104997,6.661,Actor,Acting
80271,58001,1.921,Actor,Acting
80271,76687,1.96,Actor,Acting
80271,1561391,1.556,Actor,Acting
80271,1739872,1.435,Actor,Acting
80271,1570299,0.828,Actor,Acting
80271,3216,0.6,Actor,Acting
80271,1739878,0.6,Actor,Acting
80271,1739879,0.608,Actor,Acting
80271,52850,9.294,Actor,Acting
80271,1739885,0.6,Actor,Acting
80271,1021441,6.111,Actor,Acting
80271,1739887,0.6,Actor,Acting
80271,1739888,0.6,Actor,Acting
80271,1739891,1.07,Actor,Acting
80271,1739903,0.84,Actor,Acting
80271,1739904,0.6,Actor,Acting
80271,1739906,0.6,Actor,Acting
80271,1485773,1.4,Actor,Acting
80271,1588355,4.488,Actor,Acting
80271,1739912,0.6,Actor,Acting
80271,1523144,0.6,Actor,Acting
80271,1739914,0.6,Actor,Acting
80271,1739915,0.6,Actor,Acting
80271,1739917,0.6,Actor,Acting
80271,1739919,0.706,Actor,Acting
80271,1735975,0.6,Actor,Acting
80271,1123015,1.4,Actor,Acting
80271,1283933,1.792,Actor,Acting
80271,1620729,0.98,Actor,Acting
80271,1364762,0.84,Actor,Acting
80271,1739927,0.6,Actor,Acting
80271,146414,0.829,Actor,Acting
80271,1469374,0.6,Actor,Acting
80271,150670,0.6,Actor,Acting
80271,1526610,0.6,Actor,Acting
80271,1457900,0.6,Actor,Acting
80271,1737866,1.466,Actor,Acting
80271,5381,2.727,Producer,Production
80271,5382,2.372,Producer,Production
80271,5388,0.615,Editor,Editing
80271,40383,2.265,Executive Producer,Production
80271,52451,1.865,Co-Producer,Production
80271,54171,1.105,Executive Producer,Production
80271,62117,1.62,Co-Producer,Production
80271,71575,0.764,Director of Photography,Camera
80271,82132,0.6,Co-Producer,Production
80271,229568,2.054,Screenplay,Writing
80271,586297,0.997,Executive Producer,Production
80271,999787,3.73,Producer,Production
80271,1042699,2.592,Music,Sound
80271,1440718,0.6,Original Film Writer,Writing
80271,1739946,0.6,Screenplay,Writing
80271,1739947,1.026,Co-Producer,Production
80271,1739948,0.6,Producer,Production
10048,6164,12.327,Actor,Acting
10048,10860,25.876,Actor,Acting
10048,134,13.377,Actor,Acting
10048,9880,4.686,Actor,Acting
10048,3977,6.452,Actor,Acting
10048,21042,12.364,Actor,Acting
10048,12206,8.738,Actor,Acting
10048,7219,5.164,Actor,Acting
10048,3972,16.249,Actor,Acting
10048,62486,1.13,Actor,Acting
10048,148428,1.346,Actor,Acting
10048,1291386,1.036,Actor,Acting
10048,3118471,0.98,Actor,Acting
10048,1232126,4.135,Actor,Acting
10048,3118472,0.6,Actor,Acting
10048,62493,0.6,Actor,Acting
10048,3118475,0.6,Actor,Acting
10048,1984018,0.6,Actor,Acting
10048,62487,2.211,Actor,Acting
10048,1530759,2.424,Actor,Acting
10048,3118477,0.6,Actor,Acting
10048,79708,0.615,Actor,Acting
10048,3118478,0.661,Actor,Acting
10048,80268,1.051,Actor,Acting
10048,1229330,1.62,Actor,Acting
10048,1542561,0.6,Actor,Acting
10048,62488,0.624,Actor,Acting
10048,62489,2.545,Actor,Acting
10048,62490,1.62,Actor,Acting
10048,62491,0.6,Actor,Acting
10048,62492,0.6,Actor,Acting
10048,41785,4.746,Actor,Acting
10048,1068123,4.894,Actor,Acting
10048,62494,0.6,Actor,Acting
10048,62495,0.6,Actor,Acting
10048,3118486,0.6,Actor,Acting
10048,1925611,1.4,Actor,Acting
10048,1792220,1.163,Actor,Acting
10048,228195,1.025,Actor,Acting
10048,15339,4.085,Actor,Acting
10048,2844036,0.6,Actor,Acting
10048,1646982,2.397,Actor,Acting
10048,1238110,4.089,Actor,Acting
10048,213087,1.255,Actor,Acting
10048,3118501,0.6,Actor,Acting
10048,3118505,0.6,Actor,Acting
10048,3118507,0.6,Actor,Acting
10048,3118508,0.6,Actor,Acting
10048,7232,7.477,Casting,Production
10048,4501,5.855,Director of Photography,Camera
10048,5132,1.482,Music Supervisor,Sound
10048,10631,1.176,Special Effects Supervisor,Visual Effects
10048,6062,1.575,Foley Editor,Sound
10048,6898,0.6,Original Music Composer,Sound
10048,7627,0.833,Producer,Production
10048,13304,0.793,Production Design,Art
10048,9583,1.018,Art Direction,Art
10048,9598,1.176,Utility Stunts,Crew
10048,9405,0.694,Post Production Supervisor,Crew
10048,10753,0.6,Production Design,Art
10048,11874,2.447,Producer,Production
10048,15329,0.766,Costume Design,Costume & Make-Up
10048,18179,1.799,Writer,Writing
10048,20540,2.445,Casting,Production
10048,21700,1.899,Visual Effects Editor,Crew
10048,54272,1.008,Visual Effects Supervisor,Visual Effects
10048,54250,0.84,Production Supervisor,Production
10048,54252,0.979,Executive Producer,Production
10048,57161,0.6,Additional Photography,Camera
10048,64156,1.764,Additional Music,Crew
10048,62480,0.6,Line Producer,Production
10048,62481,0.6,Associate Producer,Production
10048,62483,0.6,Original Music Composer,Sound
10048,62485,0.6,Set Decoration,Art
10048,68761,1.058,Conductor,Sound
10048,71279,1.473,First Assistant Editor,Editing
10048,75142,0.6,Assistant Costume Designer,Costume & Make-Up
10048,75475,0.98,Unit Production Manager,Production
10048,75715,1.285,Stunts,Crew
10048,76092,0.6,Additional Third Assistant Director,Directing
10048,166753,0.794,Stunt Coordinator,Crew
10048,565471,0.6,Production Assistant,Production
10048,1115736,1.108,Supervising Sound Editor,Sound
10048,1304446,0.6,Art Direction,Art
10048,1321694,0.6,Costume Supervisor,Costume & Make-Up
10048,1345608,1.942,Second Unit Director,Directing
10048,1347755,1.22,Music Editor,Sound
10048,1350905,0.6,Grip,Camera
10048,1376888,0.7,Production Illustrator,Art
10048,1377369,0.652,Post Production Coordinator,Production
10048,1379517,4.495,Pilot,Crew
10048,1387183,1.38,Dialogue Editor,Sound
10048,1391708,0.6,Prosthetics,Costume & Make-Up
10048,1391711,0.6,Set Designer,Art
10048,1392239,0.6,Sound Recordist,Sound
10048,1400348,0.6,First Assistant Camera,Camera
10048,1400560,0.6,VFX Director of Photography,Visual Effects
10048,1401641,0.6,Makeup Artist,Costume & Make-Up
10048,1401717,1.08,Visual Effects Supervisor,Visual Effects
10048,1401739,0.6,Gaffer,Lighting
10048,1401743,0.6,Assistant Location Manager,Production
10048,1401965,1.4,Compositing Supervisor,Visual Effects
10048,1402733,0.6,Assistant Art Director,Art
10048,1404903,0.6,Supervising ADR Editor,Sound
10048,1409233,0.6,Visual Effects Producer,Visual Effects
10048,1418487,0.6,Digital Intermediate Producer,Editing
10048,1437195,0.6,Special Effects Coordinator,Crew
10048,1444249,0.6,Second Assistant Camera,Camera
10048,1448601,1.16,Animation,Visual Effects
10048,1454000,0.6,CG Artist,Visual Effects
10048,1454530,0.6,Art Department Coordinator,Art
10048,1462701,0.6,Boom Operator,Sound
10048,1473444,0.6,First Assistant Sound Editor,Sound
10048,1475961,0.6,Conceptual Illustrator,Art
10048,1494210,1.16,Steadicam Operator,Camera
10048,1518756,1.528,First Assistant Director,Directing
10048,1533501,0.6,Visual Effects Production Manager,Visual Effects
10048,1536898,0.6,Armorer,Crew
10048,1551053,0.6,Aerial Director of Photography,Camera
10048,1556515,0.6,Casting Associate,Production
10048,1560110,0.6,Color Timer,Editing
10048,1569270,0.6,Layout,Directing
10048,1575733,0.6,Assistant Property Master,Art
10048,1575750,0.6,Camera Operator,Camera
10048,1575761,0.6,Costume Coordinator,Costume & Make-Up
10048,1581991,1.094,Art Direction,Art
10048,1588684,0.6,Digital Compositors,Visual Effects
10048,1613277,0.6,Transportation Captain,Crew
10048,1635597,0.6,Additional Script Supervisor,Crew
10048,1681846,0.6,Casting Assistant,Production
10048,1688606,0.6,Production Accountant,Production
10048,1738639,0.98,Key Grip,Camera
10048,1746428,1.38,Best Boy Grip,Camera
10048,1746455,0.6,Costume Standby,Costume & Make-Up
10048,1768099,0.6,Additional Camera,Camera
10048,1781877,1.4,Loader,Crew
10048,1805808,0.702,Third Assistant Director,Directing
10048,1866374,0.6,Assistant Production Coordinator,Production
10048,1886361,0.6,Special Effects Assistant,Crew
10048,1906325,0.6,Conceptual Design,Art
10048,1906326,0.6,Construction Coordinator,Art
10048,1906327,0.6,Construction Foreman,Art
10048,1906329,0.6,Sculptor,Art
10048,1906339,0.6,Set Decoration Buyer,Art
10048,1906341,0.6,Set Costumer,Costume & Make-Up
10048,1906342,0.6,Set Dressing Artist,Costume & Make-Up
10048,1906343,0.98,Driver,Crew
10048,1906344,0.98,Security,Crew
10048,1906345,0.6,Set Medic,Crew
10048,1906346,0.6,Set Production Assistant,Crew
10048,1906347,0.6,Software Engineer,Crew
10048,1906348,0.6,Technical Supervisor,Crew
10048,1906349,0.6,Transportation Coordinator,Crew
10048,1906350,0.6,Video Assist Operator,Crew
10048,1906351,0.6,Script Supervisor,Directing
10048,1906353,0.6,Best Boy Electric,Lighting
10048,1906354,0.6,Electrician,Lighting
10048,1906355,0.6,Lighting Technician,Lighting
10048,1906356,0.6,Rigging Gaffer,Lighting
10048,1906359,0.6,Production Coordinator,Production
10048,1906360,0.6,I/O Supervisor,Visual Effects
10048,1906361,0.6,Visual Effects,Visual Effects
10048,1906362,0.6,Visual Effects Coordinator,Visual Effects
10048,1906363,0.6,Storyboard Artist,Art
10048,1906364,0.6,Modeling,Visual Effects
10048,1925384,0.6,Dialogue Coach,Crew
10048,1925631,0.6,Focus Puller,Camera
10048,1945805,0.6,VFX Artist,Visual Effects
10048,1980516,0.6,Extras Casting,Production
10048,1993601,0.694,Senior Animator,Visual Effects
10048,2005447,0.6,Visual Effects Designer,Visual Effects
10048,2064130,1.186,Special Effects Technician,Crew
10048,2085194,0.6,Additional Lighting Technician,Lighting
10048,2144955,0.6,Pyrotechnician,Crew
10048,2171136,0.6,Assistant Accountant,Production
10048,2193984,0.6,Visual Effects Compositor,Visual Effects
10048,2218525,0.98,Production Executive,Production
10048,2220072,0.6,General Manager,Production
10048,2254933,0.6,Visual Effects Production Assistant,Visual Effects
10048,2301524,0.6,Art Department Assistant,Art
10048,2301525,0.6,Costumer,Costume & Make-Up
10048,2301527,0.6,Second Assistant Director,Directing
10048,2301533,0.6,Textile Artist,Art
10048,2301540,0.98,ADR Recordist,Sound
10048,2301542,0.6,Visual Effects Technical Director,Visual Effects
10048,2301543,0.6,Stunt Double,Crew
10048,2301544,0.6,Additional First Assistant Camera,Camera
10048,2301545,0.6,Additional Grip,Camera
10048,2301546,0.6,Assistant Camera,Camera
10048,2301547,0.6,Data Wrangler,Camera
10048,2301548,0.6,Dolly Grip,Camera
10048,2301552,0.6,Accountant,Production
10048,2301554,0.6,Aerial Coordinator,Crew
10048,2301557,0.6,First Assistant Accountant,Production
10048,2301558,0.6,Key Production Assistant,Production
10048,2301562,0.6,Matte Painter,Visual Effects
10048,2301566,0.6,Production Runner,Production
2023,20803,5.048,Actor,Acting
2023,26999,7.721,Actor,Acting
2023,18999,35.456,Actor,Acting
2023,20808,0.626,Actor,Acting
2023,20805,12.768,Actor,Acting
2023,1479,5.815,Actor,Acting
2023,20806,3.376,Actor,Acting
2023,1240492,0.84,Actor,Acting
2023,5004,8.781,Actor,Acting
2023,20804,0.6,Actor,Acting
2023,20807,0.798,Actor,Acting
2023,20809,1.62,Actor,Acting
2023,5419,7.757,Actor,Acting
2023,68278,8.317,Actor,Acting
2023,1286126,1.75,Actor,Acting
2023,7862,1.92,Actor,Acting
2023,4000,7.225,Actor,Acting
2023,236022,1.877,Actor,Acting
2023,2209617,1.485,Actor,Acting
2023,78097,3.456,Actor,Acting
2023,89141,5.438,Actor,Acting
2023,116907,8.518,Actor,Acting
2023,128404,1.49,Actor,Acting
2023,170805,0.851,Actor,Acting
2023,56890,19.678,Actor,Acting
2023,1367234,8.156,Actor,Acting
2023,4945,6.14,Director,Directing
2023,4950,0.6,Director of Photography,Camera
2023,4951,1.572,Editor,Editing
2023,4952,1.394,Casting,Production
2023,6923,1.011,Supervising Art Director,Art
2023,7778,1.539,Co-Producer,Production
2023,8157,2.226,ADR Mixer,Sound
2023,11300,0.887,Visual Effects Supervisor,Visual Effects
2023,11413,1.286,Set Decoration,Art
2023,16467,1.285,Art Direction,Art
2023,16737,2.902,Supervising Music Editor,Sound
2023,17649,2.168,Second Unit Director,Directing
2023,19284,0.6,Production Design,Art
2023,20801,1.508,Screenplay,Writing
2023,20802,0.6,Producer,Production
2023,31518,0.6,Associate Producer,Production
2023,35664,0.6,First Assistant Director,Directing
2023,41337,0.692,Makeup Artist,Costume & Make-Up
2023,62088,1.138,Graphic Designer,Art
2023,62215,0.6,Casting Associate,Production
2023,92352,0.6,Set Dresser,Art
2023,92358,0.6,Leadman,Art
2023,83087,0.6,Sound Editor,Sound
2023,91144,0.6,Scoring Mixer,Sound
2023,109129,0.6,Makeup Effects,Crew
2023,116903,2.046,Production Manager,Production
2023,557443,0.6,Art Direction,Art
2023,1091813,1.176,Costume Illustrator,Costume & Make-Up
2023,1168763,0.6,Focus Puller,Camera
2023,1172441,1.051,Set Designer,Art
2023,1173688,1.134,Stunt Coordinator,Crew
2023,1301476,0.6,Technical Advisor,Crew
2023,1302411,0.6,Boom Operator,Sound
2023,1305602,0.787,Assistant Art Director,Art
2023,1331649,0.6,Costumer,Costume & Make-Up
2023,1338456,0.6,Location Scout,Art
2023,1339206,0.6,Assistant Costume Designer,Costume & Make-Up
2023,1342619,0.6,Painter,Art
2023,1342663,0.6,Music Editor,Sound
2023,1355529,0.84,Art Department Coordinator,Art
2023,1357067,0.6,Set Costumer,Costume & Make-Up
2023,1364409,0.6,Construction Coordinator,Art
2023,1367493,1.46,Foley Artist,Sound
2023,1378218,0.802,Greensman,Art
2023,1378722,0.6,First Assistant Sound Editor,Sound
2023,1392237,0.6,Property Master,Art
2023,1398083,0.6,Art Department Assistant,Art
2023,1398111,0.6,Transportation Coordinator,Crew
2023,1401107,1.38,Visual Effects Producer,Visual Effects
2023,1401884,0.6,Sculptor,Art
2023,1403698,0.6,Draughtsman,Art
2023,1406859,1.38,Assistant Location Manager,Production
2023,1407223,0.753,Hair Department Head,Costume & Make-Up
2023,1408292,0.6,Hairstylist,Costume & Make-Up
2023,1408301,1.643,Sound Effects Editor,Sound
2023,1408365,0.652,Script Supervisor,Directing
2023,1412208,0.84,Costume Supervisor,Costume & Make-Up
2023,1412215,1.22,Unit Publicist,Crew
2023,1416584,1.96,Special Effects Coordinator,Crew
2023,1435071,1.286,Makeup Supervisor,Costume & Make-Up
2023,1437618,0.6,Wardrobe Assistant,Costume & Make-Up
2023,1443065,0.6,ADR Supervisor,Sound
2023,1457938,0.6,Digital Compositors,Visual Effects
2023,1463475,0.6,Roto Supervisor,Visual Effects
2023,1472587,1.4,Executive Producer,Production
2023,1475892,1.4,Assistant Production Manager,Production
2023,1491704,0.705,Prosthetic Supervisor,Costume & Make-Up
2023,1532597,0.652,Key Costumer,Costume & Make-Up
2023,1534970,0.677,Standby Painter,Art
2023,1542802,0.6,Post Production Supervisor,Crew
2023,1545428,0.6,Unit Production Manager,Production
2023,1547205,0.98,Compositing Supervisor,Visual Effects
2023,1548698,1.4,Orchestrator,Sound
2023,1550166,0.703,Production Sound Mixer,Sound
2023,1550576,0.6,First Assistant Camera,Camera
2023,1553245,1.4,Still Photographer,Camera
2023,1553268,0.6,Visual Effects,Visual Effects
2023,1564250,0.983,Foley Mixer,Sound
2023,1569836,0.6,Lighting Technician,Lighting
2023,1571776,0.84,Production Supervisor,Production
2023,1578642,0.6,Armorer,Crew
2023,1581162,0.6,Production Coordinator,Production
2023,1585000,0.6,Set Medic,Crew
2023,1594920,0.6,Carpenter,Crew
2023,1597191,0.6,Craft Service,Crew
2023,1610272,1.094,Music Programmer,Sound
2023,1620005,0.6,Travel Coordinator,Production
2023,1624710,0.6,Driver,Crew
2023,1627959,0.6,Production Illustrator,Art
2023,1627960,0.6,Set Buyer,Art
2023,1627961,0.6,Camera Technician,Camera
2023,1627963,0.6,Grip,Camera
2023,1627974,0.6,Loader,Crew
2023,1627975,0.6,Production Assistant,Production
2023,1627977,0.6,Propmaker,Crew
2023,1627982,0.6,Scenic Artist,Crew
2023,1627983,0.6,Stand In,Crew
2023,1627984,1.4,Stunts,Crew
2023,1627985,0.6,Transportation Captain,Crew
2023,1627986,0.6,Utility Stunts,Crew
2023,1627988,0.6,Video Assist Operator,Crew
2023,1627989,0.6,Visual Effects Editor,Crew
2023,1627991,0.6,First Assistant Editor,Editing
2023,1627992,0.6,Best Boy Electric,Lighting
2023,1627993,0.6,Electrician,Lighting
2023,1627994,0.6,Gaffer,Lighting
2023,1627995,0.6,Rigging Gaffer,Lighting
2023,1627996,0.6,Rigging Grip,Lighting
2023,1627997,0.6,Location Manager,Production
2023,1628004,0.6,Researcher,Production
2023,1628033,0.6,Animation Supervisor,Visual Effects
2023,1628034,0.6,Special Effects Supervisor,Visual Effects
2023,1628057,0.6,Visual Effects Coordinator,Visual Effects
2023,1632066,0.7,Aerial Coordinator,Crew
2023,1640584,0.84,ADR Recordist,Sound
2023,1667274,0.6,Assistant Sound Editor,Sound
2023,1755689,1.658,Ager/Dyer,Costume & Make-Up
2023,1780483,0.6,Best Boy Grip,Camera
2023,1840702,1.094,Assistant Property Master,Art
2023,1867129,0.6,Dolly Grip,Camera
2023,1867136,0.6,Animal Coordinator,Crew
2023,1867138,0.6,Marine Coordinator,Crew
2023,1867156,0.6,Techno Crane Operator,Crew
2023,1867157,0.6,Second Assistant Director,Directing
2023,1867160,0.6,Casting Assistant,Production
2023,1867167,0.6,Musician,Sound
2023,1867191,0.6,Creature Technical Director,Visual Effects
2023,1953449,0.6,Creature Technical Director,Visual Effects
2023,1979542,0.6,Assistant Camera,Camera
2023,2140196,0.6,Second Assistant Camera,Camera
2023,2170110,0.6,Payroll Accountant,Production
2023,2196994,0.98,Second Second Assistant Director,Directing
2023,2198690,0.6,Extras Casting Assistant,Production
2023,2215149,0.6,Production Driver,Production
2023,2225759,0.6,Generator Operator,Crew
2023,2227250,0.6,First Assistant Accountant,Production
2023,2239538,0.6,Hairdresser,Costume & Make-Up
2023,2239541,0.6,Utility Sound,Sound
2023,2239542,0.6,Special Effects Technician,Crew
2023,2239543,0.84,Stunt Double,Crew
2023,2239546,0.6,Assistant Accountant,Production
2023,2239547,0.6,Extras Casting,Production
2023,2239548,0.6,Production Secretary,Production
2023,2239549,0.6,Second Assistant Accountant,Production
