MovieID,MovieTitle,OriginalLanguageCode,ReleaseDate,Adult,PrimaryGenreName,SecondaryGenreName,MinorGenreName
1430,Bowling for Columbine,en,2002-10-09,False,Dokumentalny,Nieznane,Nieznane
11165,Tora! Tora! Tora!,en,1970-01-26,False,Dramat,Historyczny,Wojenny
279828,Delirium,en,2014-06-20,False,Przygodowy,Fantasy,Romans
18250,Dr. Phibes Rises Again,en,1972-07-01,False,Komedia,Horror,Przygodowy
59468,The Way,en,2010-09-10,False,Przygodowy,Komedia,Dramat
13671,The Music Man,en,1962-06-19,False,Komedia,Familijny,Muzyczny
8992,The Sure Thing,en,1985-03-01,False,Komedia,Romans,Nieznane
80271,LOL,en,2012-02-10,False,Dramat,Komedia,Romans
10048,Stealth,en,2005-07-27,False,Sci-Fi,Akcja,Wojenny
2023,Hidalgo,en,2004-02-04,False,Western,Przygodowy,Akcja
