PersonID,Name,Birthday,KnownFor,Deathday,Gender,IMDBID,Popularity
17087,Michael Moore,1954-04-23,Directing,,2,nm0601619,3.615
46432,George H. W. Bush,1924-06-12,Acting,2018-11-30,2,nm0124132,2.404
19011,George W. Bush,1946-07-06,Acting,,2,nm0124133,2.902
10017,Charlton Heston,1923-10-04,Acting,2008-04-05,2,nm0000032,14.634
1335009,Jacobo Árbenz,1913-09-14,Acting,1971-01-27,2,nm0033359,0.6
1335010,Mike Bradley,,Acting,,0,nm1706807,0.98
46433,Dick Clark,1929-11-30,Acting,2012-04-18,2,nm0163863,5.567
1335011,Arthur A. Busch,,Acting,,0,nm1263216,0.6
1335012,Michael Caldwell,,Acting,,0,nm1286135,0.6
1335013,Richard Castaldo,,Acting,,0,nm1706820,0.6
116341,Bill Clinton,1946-08-19,Acting,,2,nm0001051,1.877
1335015,Steve Davis,,Acting,,2,nm1706829,0.6
1335016,Ngo Dinh Diem,1901-01-03,Acting,1963-11-02,2,nm0628924,1.008
1335017,Mike Epstein,,Acting,,0,nm4405692,0.6
1335018,Joe Farmer,,Acting,,0,nm1706841,0.6
34518,Matt Stone,1971-05-26,Acting,,2,nm0001778,4.154
1413524,Brooks Brown,,Acting,,0,nm1584391,0.6
1413526,Dick Herlan,,Acting,,0,nm0379033,0.694
9315,Marilyn Manson,1969-01-05,Acting,,2,nm0001504,3.737
2632,Chris Rock,1965-02-07,Acting,,2,nm0001674,13.617
566295,Salvador Allende,1908-06-26,Acting,1973-09-11,2,,1.22
2041195,Prince Andrew,1960-02-19,Acting,,2,nm0697605,3.007
174981,Prince Charles,1948-11-14,Acting,,2,nm0697608,4.093
46430,Jim Czarnecki,,Production,,2,nm0194365,0.626
35032,Michael Donovan,,Production,,2,nm0233035,0.786
46431,Wolfram Tichy,,Production,,0,nm0862680,0.6
92381,Matthew Haasch,,Sound,,2,nm0352035,0.6
96082,Yōko Ono,1933-02-18,Acting,,1,nm0648780,1.298
120857,Patrick Donahue,,Sound,,0,nm1250255,0.6
408353,Tia Lessin,,Production,,1,nm0504357,0.6
553646,Brian Danitz,,Camera,,2,nm0200280,0.6
567559,Kurt Engfehr,,Directing,,0,nm0257373,0.6
1030371,Craig Hymson,,Sound,,0,nm1712875,0.6
1163706,Michael McDonough,1967-01-01,Camera,,2,nm0568174,4.119
1168210,Luis Ortiz Guillen,,Editing,,0,nm1109340,0.6
1242507,Kathleen Glynn,,Production,,0,nm0323359,0.6
1247760,Charles Bishop,,Production,,0,nm1061848,0.98
1332125,Rob Daly,,Sound,,2,nm1307322,0.6
1375099,Peter Waggoner,,Sound,,2,nm0905748,0.6
1439773,Siobhan Oldham,,Production,,0,nm1709477,0.6
1554651,Chris Bell,,Camera,,0,,0.6
1554652,Mike Casey,,Camera,,0,,0.6
1554653,Mike Desjarlais,,Camera,,0,,0.6
1554654,Edward C. Kukla,,Camera,,0,,0.6
1969619,Joe Caterini,,Production,,0,,0.6
2218650,James Demer,,Sound,,0,,0.6
2610293,Jeff Gibbs,,Directing,,2,,0.6
2992146,Francisco La Torre,,Sound,,0,,0.6
1936,Martin Balsam,1919-11-04,Acting,1996-02-13,2,nm0000842,11.014
68411,Sō Yamamura,1910-02-24,Acting,2000-05-26,2,nm0945522,2.162
7664,Joseph Cotten,1905-05-15,Acting,1994-02-06,2,nm0001072,5.682
5249,E.G. Marshall,1914-06-18,Acting,1998-08-24,2,nm0550855,6.876
118989,Takahiro Tamura,1928-08-31,Acting,2006-05-16,2,nm0848796,2.801
6577,James Whitmore,1921-10-01,Acting,2009-02-06,2,nm0926235,11.646
106165,Eijirô Tôno,1907-09-17,Acting,1994-09-08,2,nm0867391,3.106
66712,Wesley Addy,1913-08-04,Acting,1996-12-31,2,nm0011741,1.501
123379,Shôgo Shimada,1905-12-13,Acting,2004-11-26,2,nm0793569,0.665
123380,Frank Aletter,1926-01-14,Acting,2009-05-13,2,nm0018173,3.509
123381,Koreya Senda,1904-09-15,Acting,1994-12-21,2,nm0784119,1.05
13994,Leon Ames,1902-01-20,Acting,1993-10-12,2,nm0000748,2.806
123382,Junya Usami,,Acting,,0,nm0882256,0.766
12312,Richard Anderson,1926-08-08,Acting,2017-08-31,2,nm0027323,6.666
63707,Kazuo Kitamura,1927-03-11,Acting,2007-05-06,2,nm0457557,1.883
15953,Keith Andes,1920-07-12,Acting,2005-11-11,2,nm0027882,4.222
29719,Edward Andrews,1914-10-09,Acting,1985-03-08,2,nm0028647,6.128
9112,Neville Brand,1920-08-13,Acting,1992-04-16,2,nm0104507,9.35
76980,Leora Dana,1923-04-01,Acting,1983-12-13,1,nm0199070,1.176
138445,Asao Uchida,1920-08-01,Acting,1996-09-30,2,nm0879729,1.176
14564,George Macready,1899-08-29,Acting,1973-07-03,2,nm0534317,7.635
7139,Norman Alden,1924-09-13,Acting,2012-07-27,2,nm0017491,5.217
1163994,Rick Cooper,,Acting,,0,nm0178330,0.6
1459109,Elven Havard,1939-10-23,Acting,,2,nm0367393,1.4
161326,June Dayton,1923-08-24,Acting,1994-06-13,1,nm0206761,1.008
14576,Jeff Donnell,1921-07-10,Acting,1988-04-11,1,nm0232655,7.645
9110,Richard Erdman,1925-06-01,Acting,2019-03-16,2,nm0258757,5.194
1228096,Jerry Fogel,,Acting,,0,nm0283891,0.6
1459104,Shunichi Nakamura,1926-01-04,Acting,1980-11-25,2,nm0620226,0.6
14067,Carl Reindel,1935-01-20,Acting,2009-09-04,2,nm0717947,1.117
24549,Edmon Ryan,1905-06-05,Acting,1984-08-04,2,nm0002269,2.034
134346,Hisao Toake,1908-09-08,Acting,1985-12-18,2,nm0864797,2.051
30907,Susumu Fujita,1912-01-08,Acting,1991-03-23,2,nm0297843,1.484
123384,Bontarō Miake,1906-10-15,Acting,,2,nm0583925,0.707
1093745,Ichirō Ryūzaki,1912-02-19,Acting,1988-06-28,2,nm0720738,0.6
1560998,Kazuko Ichikawa,1939-07-19,Acting,,1,nm0406723,0.6
1374832,Hank Jones,,Acting,,0,nm0428191,0.6
153618,Karl Lukas,1919-08-21,Acting,1995-01-16,2,,1.936
18709,Ron Masak,1936-07-01,Acting,,2,nm0556041,3.207
548040,Hiroshi Nihon'yanagi,1917-11-20,Acting,1970-01-28,2,nm0631553,1.102
93100,Toshio Hosokawa,1916-09-06,Acting,1985-08-08,2,nm0396095,0.648
83640,Tōru Abe,1917-03-28,Acting,1993-07-18,2,nm0008384,1.774
1076386,Hiroshi Akutagawa,1920-03-20,Acting,1981-10-25,2,nm0015609,1.582
1421073,Leon Alton,1907-08-23,Acting,1995-08-25,2,nm0023007,1.128
224666,Kiyoshi Atsumi,1928-03-10,Acting,1996-08-04,2,nm0040910,1.223
1594339,Paul Bradley,1901-07-26,Acting,1999-06-18,2,nm0103362,0.98
235380,Harold Conway,,Acting,,0,nm0176693,1.052
124848,Francis De Sales,1912-03-23,Acting,1988-09-25,2,nm0211402,1.652
227974,George DeNormand,1903-09-22,Acting,1976-12-23,2,nm0210600,1.71
119981,Glenn Dixon,1917-12-27,Acting,1991-11-24,0,nm0228836,0.6
3389266,Dave Donnelly,,Acting,,0,,0.6
210420,James B. Douglas,1928-01-01,Acting,2009-12-29,2,nm0235098,1.253
108023,Bill Edwards,1918-09-14,Acting,1999-12-21,2,nm0249827,0.706
16417,Paul Frees,1920-06-22,Acting,1986-11-02,2,nm0293659,6.018
2458444,Bobby Gilbert,,Acting,,0,,0.6
3389268,Charles Gilbert,,Acting,,0,,0.6
552343,Torahiko Hamada,1919-09-18,Acting,2009-10-15,2,nm0357272,1.052
1990130,Ed Haskett,1904-12-29,Acting,1988-08-21,2,nm0368155,0.84
136875,Ryōji Hayama,1932-11-09,Acting,1993-01-03,2,nm0370577,0.84
30473,Andrew Hughes,,Acting,,0,nm0400447,0.6
96637,Hisashi Igawa,1936-11-17,Acting,,2,nm0407030,1.817
2577427,Alex Johnson,,Acting,,0,,0.6
82837,Robert Karnes,1917-06-19,Acting,1979-12-04,2,nm0439817,3.457
1130451,Kenner G. Kemp,1908-01-03,Acting,1985-05-13,2,nm0447320,3.223
85988,Berry Kroeger,1912-10-16,Acting,1991-01-04,2,nm0471854,4.971
1329623,Akira Kume,1924-02-08,Acting,2020-04-23,2,nm0474958,0.84
1668553,Joseph La Cava,,Acting,,0,,1.4
2652,Ken Lynch,1910-07-15,Acting,1990-02-13,2,nm0528373,2.503
1566051,Eitarô Matsuyama,,Acting,,0,,0.98
2981464,Mitch Mitchell,,Acting,,0,,0.6
120348,Hideo Murota,1937-10-07,Acting,2002-06-15,2,nm0614039,1.419
239493,Jirô Okazaki,1943-12-26,Acting,,2,nm0645568,2.059
2662415,John Pedrini,,Acting,,0,,0.6
89704,Steve Pendleton,1908-09-16,Acting,1984-10-03,2,nm0671747,1.176
91243,Charlie Picerni,1935-12-19,Crew,,2,nm0681604,2.172
2470600,Joe Pine,,Acting,,0,,0.6
95563,Walter Reed,1916-02-10,Acting,2001-08-20,2,nm0715748,2.206
34726,Robert Shayne,1900-10-04,Acting,1992-11-29,2,nm0790171,5.277
3390281,Edward Sheehan,,Acting,,0,,0.6
3389102,Tommy Splittgerber,,Acting,,0,,0.6
3173,G. D. Spradlin,1920-08-31,Acting,2011-07-24,2,nm0819525,3.716
1808938,Hiroshi Tom Tanaka,,Acting,,0,,0.728
85774,Larry Thor,1916-08-27,Acting,1976-03-15,2,nm0861158,3.175
30272,George Tobias,1901-07-14,Acting,1980-02-27,2,nm0864869,2.564
1208039,Arthur Tovey,1904-11-14,Acting,2000-10-20,2,nm0869863,2.372
161001,Bob Turnbull,,Acting,,2,nm0877305,0.6
93899,Harlan Warde,1917-11-06,Acting,1980-03-13,2,nm0911966,1.053
1459105,Meredith 'Tex' Weatherby,,Acting,,0,nm1533389,0.6
161724,David Westberg,,Acting,,2,nm0922427,0.84
3390283,Bruce Wilson,,Acting,,0,,0.6
16070,Bill Zuckert,1915-12-18,Acting,1997-01-23,2,nm0958451,2.06
551815,Mike Danning,,Acting,,2,nm0199361,0.6
1531,Pembroke J. Herring,,Editing,,2,nm0380670,0.6
2087,Richard Fleischer,1916-12-08,Directing,2006-03-25,2,nm0281507,2.849
2108,Elmo Williams,1913-04-30,Editing,,2,nm0930536,1.008
5026,Akira Kurosawa,1910-03-23,Directing,1998-09-06,2,nm0000041,15.512
20827,Hideo Oguni,1904-07-09,Writing,1996-02-05,2,nm0644823,2.023
8502,Darryl F. Zanuck,1902-09-05,Production,1979-12-22,2,nm0953123,1.586
8506,Richard Day,1896-05-09,Art,1972-05-23,2,nm0206554,1.4
9061,Jack Martin Smith,1911-01-02,Art,1993-11-07,2,nm0005584,1.135
14526,Daniel C. Striepeke,1930-10-08,Costume & Make-Up,2019-01-01,2,nm0834475,1.355
18656,Theodore Soderberg,,Sound,,2,nm0812029,0.972
31074,Kinji Fukasaku,1930-07-03,Directing,2003-01-12,2,nm0297935,4.162
33132,Yoshirô Muraki,1924-08-15,Art,2009-10-26,2,nm0613499,1.627
34373,Ryûzô Kikushima,,Writing,,0,nm0452878,1.4
68412,Toshio Masuda,1927-10-05,Directing,,2,nm0557927,2.768
68413,Ladislas Farago,,Writing,,2,nm0267018,0.6
68414,Larry Forrester,1924-04-21,Writing,1988-02-19,2,nm0286734,0.6
68415,Gordon W. Prange,,Writing,,0,nm0695218,0.98
68416,Shinya Inoue,,Editing,,0,nm0157408,0.6
68417,James E. Newcom,1905-08-29,Editing,1990-10-06,2,nm0627727,0.7
122108,Layne Britton,,Costume & Make-Up,,0,nm0110204,1.166
583142,Duane Toler,,Directing,,0,nm0866003,0.6
1384144,Taizô Kawashima,,Art,,0,nm0442923,0.6
1384145,Norman Rockett,,Art,,0,nm0734070,0.6
1384146,James Corcoran,,Sound,,2,nm0179331,0.6
1384147,Herman Lewis,,Sound,,0,nm0507266,0.84
1384148,Shin Watarai,,Crew,,0,nm0847233,0.6
1384149,Douglas O. Williams,,Sound,,0,nm0930491,0.6
1972363,Courtney Haslam,,Costume & Make-Up,,0,,0.6
34847,Emma Roberts,1991-02-10,Acting,,1,nm0731075,22.177
212686,Gregg Sulkin,1992-05-29,Acting,,2,nm2116419,6.163
123813,Ian Anthony Dale,1978-07-03,Acting,,2,nm1406333,6.704
20215,Billy Campbell,1959-07-07,Acting,,2,nm0001004,11.632
39977,Michael Michele,1966-08-30,Acting,,1,nm0005230,5.759
78044,Erin Cahill,1980-01-04,Acting,,1,nm0128657,7.25
1024711,Jeanine Mason,1991-01-14,Acting,,1,nm3471005,6.97
8694,Corey Reynolds,1974-07-03,Acting,,2,nm1556631,4.533
568714,Brenda Koo,1983-02-13,Acting,,1,nm2817172,6.941
91538,Melinda Y. Cohen,,Acting,,1,nm2774507,1.971
1336420,Linc Hand,,Acting,,0,nm1915289,1.22
221115,Daren Kagasoff,1987-09-16,Acting,,2,nm2973326,4.353
1527863,Tim Mikulecky,,Crew,,2,nm1515478,1.43
1215004,Karyn Usher,,Writing,,1,nm0882329,1.802
1336419,Lauren Oliver,1982-11-08,Writing,,1,nm3986344,0.652
1364163,Katherine Pope,1972-10-02,Production,,1,nm0691142,1.22
1905,Vincent Price,1911-05-27,Acting,1993-10-25,2,nm0001637,13.211
82830,Robert Quarry,1925-11-03,Acting,2009-02-20,2,nm0067146,3.959
1418622,Valli Kemp,1950-11-19,Acting,,1,nm0447378,1.837
10021,Hugh Griffith,1912-05-30,Acting,1980-05-14,2,nm0341518,4.298
137924,John Thaw,1942-01-03,Acting,2002-02-21,2,nm0857177,5.693
104757,Keith Buckley,1941-04-07,Acting,,2,nm0118645,2.197
133002,Lewis Fiander,1938-01-12,Acting,2016-05-24,2,nm0275595,2.142
91663,Gerald Sim,1925-02-04,Acting,2014-12-11,2,nm0799245,1.696
83133,Milton Reid,1917-04-29,Acting,1987-01-01,2,nm0717374,2.33
82549,Peter Jeffrey,1929-04-18,Acting,1999-12-25,2,nm0420312,2.685
59074,John Cater,1932-01-17,Acting,2009-03-21,2,nm0146038,1.378
5,Peter Cushing,1913-05-26,Acting,1994-08-11,2,nm0001088,13.955
42572,Beryl Reid,1919-06-17,Acting,1996-10-13,1,nm0717189,0.84
29427,Terry-Thomas,1911-07-14,Acting,1990-01-08,2,nm0856103,2.938
26490,Fiona Lewis,1946-09-28,Acting,,1,nm0507187,2.957
10461,Caroline Munro,1949-01-16,Acting,,1,nm0613098,11.057
198556,John Comer,1924-03-01,Acting,1984-02-11,2,nm0173747,0.94
157602,Gary Owens,1936-05-10,Acting,2015-02-12,2,nm0654365,2.147
20937,Robert Fuest,1927-09-30,Directing,2012-03-21,2,nm0297523,2.481
21516,Alex Thomson,1929-01-12,Camera,2007-06-14,2,nm0004287,1.015
30904,Samuel Z. Arkoff,1918-06-12,Production,2001-09-16,2,nm0035098,2.49
43796,Tristam Cones,,Editing,,0,nm0174527,0.6
51727,Robert Blees,1918-06-09,Writing,2015-01-31,2,nm0088161,1.051
51730,James H. Nicholson,1916-09-14,Production,1972-12-10,2,nm0629839,0.732
82562,Louis M. Heyward,,Production,,2,nm0382384,1.473
82649,James Whiton,,Writing,,2,nm0926365,0.6
82650,William Goldstein,,Writing,,2,nm0326338,0.6
1210144,Trevor Crole-Rees,1918-08-29,Costume & Make-Up,,2,nm0188563,0.631
1370816,Les Hammond,1908-06-06,Sound,,2,nm0358731,0.6
1410058,Sally Nicholl,,Production,,0,,0.6
1418623,John Gale,,Sound,,0,nm0301858,0.6
1469046,Bernadette Ibbetson,,Costume & Make-Up,,0,nm0406472,0.6
1562529,William Butler,1940-12-18,Sound,,2,nm0125161,0.6
1588245,Dennis Whitlock,,Sound,,0,,0.6
8349,Martin Sheen,1940-08-03,Acting,,2,nm0000640,8.538
2880,Emilio Estevez,1962-05-12,Acting,,2,nm0000389,11.519
13549,Deborah Kara Unger,1966-05-12,Acting,,1,nm0000679,10.491
31387,Yorick van Wageningen,1964-04-16,Acting,,2,nm0905691,4.276
34715,James Nesbitt,1965-01-15,Acting,,2,nm0626362,3.559
10698,Tchéky Karyo,1953-10-04,Acting,,2,nm0001409,8.315
3822,Ángela Molina,1955-10-05,Acting,,1,nm0596807,15.464
64014,Carlos Leal,1969-01-01,Acting,,2,nm1332454,2.787
24496,Simón Andreu,1941-01-11,Acting,,2,nm0028487,1.151
106707,Eusebio Lázaro,,Acting,,0,nm0529463,0.696
5310,Antonio Gil,,Acting,,0,nm0317884,2.764
49275,Spencer Garrett,1963-09-19,Acting,,2,nm0308208,6.723
2454,Matt Clark,1936-11-25,Acting,,2,nm0164273,6.21
42935,Renée Estevez,1967-04-02,Acting,,1,nm0261729,6.372
1344133,Romy Baskerville,1941-01-01,Acting,,1,nm0059932,0.6
3727,John Sloss,1956-01-01,Production,,2,nm0806189,1.879
5914,Mary Vernieu,,Production,,1,nm0894611,5.048
15221,Tyler Bates,1965-06-05,Sound,,2,nm0061045,3.835
16439,Víctor Molero,,Art,,0,nm0596554,0.84
17083,Julio Fernández,,Production,,2,nm0273327,1.4
48457,Raúl Dávalos,,Editing,,0,nm0003528,0.728
54528,Alberto Marini,1972-09-03,Writing,,2,nm1157609,0.856
66984,Juan Miguel Azpiroz,,Camera,,2,nm0044411,0.681
67999,Stewart Till,,Production,,0,nm0863264,0.6
126180,David Alexanian,,Production,,0,nm1256362,0.6
962756,Tatiana Hernández,,Costume & Make-Up,,0,nm1085586,0.658
971538,Ramon Estevez,1963-08-07,Acting,,2,,6.386
1014920,J.C. Cantu,,Production,,2,nm2117692,0.6
1047946,Jack Hitt,,Writing,,0,nm2098549,0.6
1121999,José Luis Fernández,,Acting,,0,nm0273582,0.6
1155650,Trevor Drinkwater,,Production,,0,nm2480746,0.84
1234765,Janet Sheen,1944-07-08,Acting,,1,nm0790682,1.102
1344136,Johannes Brinkmann,,Production,,0,nm0109653,0.6
1344137,Taylor Estevez,,Production,,0,nm0261731,0.98
1344138,Ramon Gerard Estevez,,Production,,0,nm3995535,0.6
1344142,Toni Novella,,Production,,0,nm0637013,1.4
1344143,Lisa Niedenthal,,Production,,0,nm0630615,0.6
1344145,Israel Pérez,,Art,,0,nm0702187,0.6
1344146,Tanja Wahlbeck,,Art,,1,nm1368273,0.6
1344149,Raquel Fidalgo,,Costume & Make-Up,,0,nm0275714,0.6
1344151,Carmela Maellas,,Costume & Make-Up,,0,nm5097951,0.6
1344152,Gloria Soriano,,Directing,,0,nm1407980,0.6
40202,Robert Preston,1918-06-08,Acting,1987-03-21,2,nm0696481,7.109
60158,Shirley Jones,1934-03-31,Acting,,1,nm0429250,6.244
67393,Buddy Hackett,1924-08-31,Acting,2003-06-30,2,nm0004983,6.574
20603,Hermione Gingold,1897-12-09,Acting,1987-05-24,1,nm0320006,3.599
127641,Paul Ford,1901-11-02,Acting,1976-04-12,2,nm0285818,1.379
179384,Pert Kelton,1907-10-14,Acting,1968-10-30,1,nm0447125,2.607
165758,Timmy Everett,,Acting,,0,nm0263540,0.861
982774,Susan Luckey,1938-04-04,Acting,2012-12-05,1,nm0524735,0.6
151609,Peggy Mondo,1940-08-12,Acting,1991-02-19,1,nm0597767,0.6
85845,Harry Hickox,1910-10-22,Acting,1994-06-03,2,nm0382782,0.602
85846,Jesslyn Fax,1893-01-02,Acting,1975-02-16,1,nm0269537,4.857
20624,Mary Wickes,1910-06-13,Acting,1995-10-22,1,nm0926897,4.399
1060858,Monique Vermont,,Acting,,0,nm0894458,0.98
29579,Charles Lane,1905-01-26,Acting,2007-07-09,2,nm0485272,3.143
30849,William Fawcett,1894-09-08,Acting,1974-01-25,2,nm0269514,4.183
95301,Barbara Pepper,1915-05-31,Acting,1969-07-18,1,nm0672571,3.515
85409,Max Showalter,1917-06-02,Acting,2000-07-30,2,nm0795289,3.998
30299,Hank Worden,1901-07-23,Acting,1992-12-06,2,nm0941401,4.33
1161029,Sarah Seegar,,Acting,,0,,0.6
103503,Milton Parsons,1904-05-19,Acting,1980-05-15,2,nm0663875,1.905
1787560,Larri Thomas,1932-01-23,Acting,2013-10-20,1,,2.628
1197163,Ronnie Dapo,,Acting,,0,,0.6
1624216,Al Bain,1908-10-04,Acting,1993-04-07,2,nm0047679,1.651
157710,Ralph Hart,1952-05-27,Acting,,2,nm0366481,1.844
951663,Delos Jewkes,1895-10-21,Acting,1984-07-17,2,nm0422490,0.677
2654,Robert Burks,1909-07-04,Camera,1968-05-13,2,nm0122079,2.669
2773,William H. Ziegler,1909-09-04,Editing,1977-07-02,2,nm0956155,1.62
4126,George James Hopkins,1896-03-23,Art,1985-02-11,2,nm0394166,1.327
4313,Gordon Bau,1907-07-01,Costume & Make-Up,1975-07-21,2,nm0061620,6.699
16538,Jean Burt Reilly,1915-08-26,Costume & Make-Up,1981-02-15,0,nm0123437,0.697
18370,M.A. Merrick,,Sound,,0,nm0581219,1.176
87521,Morton DaCosta,1914-03-07,Production,1989-01-29,2,nm0196536,0.6
81385,Myrl Stoltz,1908-02-12,Costume & Make-Up,1993-06-13,0,nm0831623,0.6
424103,Meredith Willson,,Writing,,0,,0.6
1020669,Paul Groesse,1906-02-28,Art,1987-05-04,2,nm0342904,0.611
1177423,Franklin Lacey,,Writing,,0,nm0479923,1.38
1218841,Marion Hargrove,,Writing,,0,nm0362992,1.4
2218083,Bobby Greene,1916-09-05,Camera,2004-01-07,2,nm1959785,0.6
3036,John Cusack,1966-06-28,Acting,,2,nm0000131,19.022
32389,Boyd Gaines,1953-05-11,Acting,,2,nm0301305,2.286
504,Tim Robbins,1958-10-16,Acting,,2,nm0000209,24.975
9259,Lisa Jane Persky,1955-05-05,Acting,,1,nm0675484,4.181
22137,Viveca Lindfors,1920-12-29,Acting,1995-10-25,1,nm0511798,10.308
37045,Nicollette Sheridan,1963-11-21,Acting,,1,nm0001733,11.918
1161735,Marcia Christie,,Acting,,1,nm0160351,0.6
104431,Robert Anthony Marcucci,,Acting,,0,nm0546033,0.84
17191,Sarah Buxton,1965-03-23,Acting,,1,nm0125533,2.596
1161736,Lorrie Lightle,,Acting,,0,nm0510002,0.6
152936,Joshua Cadman,1955-11-12,Acting,,2,nm0128260,1.231
195805,Krystal Richards,,Acting,,0,nm0724200,0.6
21475,John Putch,1961-07-27,Acting,,2,nm0003289,4.715
3227,Steve Pink,1966-02-03,Directing,,2,nm0684336,2.277
8189,Tracy Reiner,1964-07-07,Acting,,1,nm0718021,3.799
1227269,Jimmy Baron,1961-11-13,Acting,,0,nm0056256,0.6
1559512,Martin J. Layton,,Camera,,2,nm0493623,0.6
116913,Amy Resnick,,Acting,,0,nm0720306,0.6
66485,Robert Bauer,,Acting,,2,nm0061920,1.788
116536,Frantz Turner,,Acting,,2,nm0877555,1.852
4203,Garry Goodrow,1933-11-04,Acting,2014-07-22,2,nm0329340,3.104
1412166,Robert Snively,1922-06-02,Acting,,2,nm0811178,0.6
154073,Carmen Filpi,1923-03-22,Acting,2003-05-09,2,nm0277300,3.973
9633,Richard Hamilton,1920-12-31,Acting,2004-12-21,2,nm0358118,5.302
2563,George Memmoli,1938-08-03,Acting,1985-05-20,2,nm0578622,1.4
100490,Stephanie Blake,1954-08-21,Acting,,1,nm0086724,2.951
79744,Sunshine Parker,1927-06-10,Acting,1999-02-17,2,nm0662641,5.665
152670,Fran Ryan,1916-11-29,Acting,2000-01-15,1,nm0752539,0.875
3118238,Teresa Baxter,,Acting,,0,,0.828
11519,Larry Hankin,1940-08-31,Acting,,2,nm0359969,9.53
1237495,Julie Ow,1960-06-07,Acting,,1,nm0654051,1.708
3147835,Noelle Williams,,Acting,,0,,0.6
2307563,John Richard Petersen,1961-08-15,Acting,,2,nm0676856,1.687
1434987,Tamara Carrera,,Acting,,1,nm0140231,3.697
2874,Janet Hirshenson,,Production,,1,nm0386664,3.283
2950,Robert Elswit,1950-04-22,Camera,,2,nm0005696,2.214
3026,Rob Reiner,1947-03-06,Directing,,2,nm0001661,6.376
3032,Robert Leighton,,Editing,,2,nm0500371,1.016
3275,Jane Jenkins,1943-06-05,Production,,1,nm0420747,2.21
4504,Roger Birnbaum,,Production,,2,nm0083696,1.906
7933,Jonathan Roberts,,Writing,,2,nm0731271,1.193
9249,Steve Nicolaides,,Production,,2,nm0630222,1.956
31903,Henry Winkler,1945-10-30,Acting,,2,nm0001857,12.763
18663,Tom Scott,1948-05-19,Sound,,2,nm0779860,0.6
56514,Steve Bloom,,Writing,,2,nm0089237,1.48
3416,Demi Moore,1962-11-11,Acting,,1,nm0000193,16.577
230680,Douglas Booth,1992-07-09,Acting,,2,nm3150488,10.885
45827,Ashley Greene,1987-02-21,Acting,,1,nm2230865,17.769
589098,Ashley Grace,1988-12-11,Acting,,1,nm3358233,5.121
11155,Thomas Jane,1969-02-22,Acting,,2,nm0005048,19.423
4496,Nora Dunn,1952-04-29,Acting,,1,nm0004887,6.92
19487,Jay Hernandez,1978-02-20,Acting,,2,nm0379596,20.399
26473,Fisher Stevens,1963-11-27,Acting,,2,nm0001770,10.532
205204,Jean-Luc Bilodeau,1990-11-04,Acting,,2,nm1700638,4.05
54503,Adam Sevani,1992-06-29,Acting,,2,nm2735044,6.608
6069,Austin Nichols,1980-04-24,Acting,,2,nm0629538,6.395
104997,Marlo Thomas,1937-11-21,Acting,,1,nm0005486,6.661
58001,Michelle Burke,1970-11-30,Acting,,1,nm0121806,1.921
76687,Loretta Higgins,,Acting,,1,nm1185134,1.96
1561391,Dennis North,,Acting,,2,,1.556
1739872,Vivian Le Borgne,,Acting,,1,,1.435
1570299,Bridget Brown,,Acting,,0,nm5607272,0.828
3216,Jim Carrane,,Acting,,0,nm0139965,0.6
1739878,Woody Carter,,Acting,,0,,0.6
1739879,Felix Dayan,,Acting,,0,,0.608
52850,Lina Esco,1985-05-14,Acting,,1,nm2128467,9.294
1739885,Trevor Fahnstrom,,Acting,,0,,0.6
1021441,George Finn,,Acting,,2,nm3122871,6.111
1739887,Rebecca Finnegan,,Acting,,1,,0.6
1739888,Alix Freihage,,Acting,,1,,0.6
1739891,Lynnette Gaza,,Acting,,1,nm0311044,1.07
1739903,Vichaan Kue,,Acting,,0,,0.84
1739904,Madelyn Lasky,,Acting,,1,,0.6
1739906,Emma Nolan,,Acting,,1,,0.6
1485773,Delphine Pontvieux,,Acting,,1,nm4041746,1.4
1588355,Leisa Pulido,,Acting,,1,,4.488
1739912,Barbara Robertson,,Acting,,1,,0.6
1523144,Russell Steinberg,,Acting,,0,nm0825811,0.6
1739914,Brady Tutton,,Acting,,0,,0.6
1739915,Tanz Watson,,Acting,,0,,0.6
1739917,Armon York Williams,,Acting,,0,,0.6
1739919,Tedra Millan,,Acting,,1,nm4357433,0.706
1735975,Arnold Agee,,Acting,,2,nm4740257,0.6
1123015,Mike Ancrile,,Acting,,0,nm2370487,1.4
1283933,Cara AnnMarie,,Acting,,1,,1.792
1620729,Chris Astoyan,1976-05-23,Acting,,2,,0.98
1364762,Apollo Bacala,,Acting,,0,nm1832161,0.84
1739927,Elias Bahri,,Acting,,0,,0.6
146414,Ron Causey,,Acting,,2,nm3275771,0.829
1469374,Jay Harper,,Acting,,0,,0.6
150670,Chameria Law,,Acting,,0,nm4105005,0.6
1526610,Dwayne Roszkowski,,Acting,,0,nm2414171,0.6
1457900,Barbara Szeman,,Directing,,1,nm4770315,0.6
1737866,Amanda Wright,1983-09-07,Acting,,1,,1.466
5381,Michael Shamberg,,Production,,2,nm0787834,2.727
5382,Stacey Sher,,Production,,1,nm0792049,2.372
5388,Myron Kerstein,,Editing,,2,nm0450005,0.615
40383,Nathan Kahane,,Production,,2,nm1144042,2.265
52451,Kelli Konop,,Production,,1,nm0465253,1.865
54171,Jérôme Seydoux,1934-09-21,Production,,2,nm1482301,1.105
62117,Nicole Brown,1980-08-09,Production,,1,nm0114352,1.62
71575,Kieran McGuigan,,Camera,,2,nm1713687,0.764
82132,Jim Powers,,Production,,2,nm0694551,0.6
229568,Lisa Azuelos,1965-11-06,Writing,,1,nm0018132,2.054
586297,Romain Le Grand,,Production,,0,nm1021806,0.997
999787,Tish Cyrus,,Production,,0,nm1148321,3.73
1042699,Rob Simonsen,1978-03-11,Sound,,2,nm1387379,2.592
1440718,Nans Delgado,,Writing,,0,nm3610886,0.6
1739946,Kamir Aïnouz,,Writing,,0,,0.6
1739947,Taylor Latham,,Production,,0,,1.026
1739948,Esteban Martin,,Production,,0,,0.6
6164,Josh Lucas,1971-06-20,Acting,,2,nm0524197,12.327
10860,Jessica Biel,1982-03-03,Acting,,1,nm0004754,25.876
134,Jamie Foxx,1967-12-13,Acting,,2,nm0004937,13.377
9880,Sam Shepard,1943-11-05,Acting,2017-07-27,2,nm0001731,4.686
3977,Joe Morton,1947-10-18,Acting,,2,nm0608012,6.452
21042,Ebon Moss-Bachrach,1977-03-19,Acting,,2,nm0609114,12.364
12206,Richard Roxburgh,1962-01-23,Acting,,2,nm0746896,8.738
7219,David Andrews,1952-01-01,Acting,,2,nm0028625,5.164
3972,Wentworth Miller,1972-06-02,Acting,,2,nm0589505,16.249
62486,Ian Bliss,,Acting,,2,nm0088513,1.13
148428,Alexandra Davies,1977-03-08,Acting,,1,nm0203567,1.346
1291386,Caroline de Souza Correa,1979-05-19,Acting,,1,nm1419919,1.036
3118471,Jaipetch Toonchalong,,Acting,,0,,0.98
1232126,Megan Gale,1975-08-07,Acting,,1,nm0301885,4.135
3118472,Jason Lee,,Acting,,0,,0.6
62493,Michael McCabe,,Acting,,0,nm2076145,0.6
3118475,Robert L. Keane,,Acting,,0,,0.6
1984018,Blazey Best,,Acting,,0,,0.6
62487,Michael Denkha,,Acting,,0,nm0219285,2.211
1530759,Harli Ames,,Acting,,2,,2.424
3118477,Adriano Cappelletta,,Acting,,0,,0.6
79708,Lucia Mastrantone,,Acting,,1,nm0557805,0.615
3118478,Randall Mettam,,Acting,,0,,0.661
80268,Dorian Nkono,,Acting,,2,nm0631962,1.051
1229330,Miles Paras,,Acting,,1,nm0660958,1.62
1542561,Paul Pantano,1982-02-23,Acting,,2,nm0659794,0.6
62488,Rocky Helton,,Acting,,0,nm1974345,0.624
62489,Clayton Adams,,Acting,,2,nm1774995,2.545
62490,Maurice Morgan,,Acting,,2,nm0604892,1.62
62491,Woody Naismith,,Acting,,0,nm1712549,0.6
62492,Charles Ndibe,,Acting,,0,nm1972377,0.6
41785,Joel Tobeck,1971-06-02,Acting,,2,nm0864835,4.746
1068123,John Waters,1948-12-08,Acting,,2,nm0914113,4.894
62494,Sara Saliba,,Acting,,0,nm1974451,0.6
62495,Jim Diamond,,Acting,,0,nm2743711,0.6
3118486,Jaffar Hussain,,Acting,,0,,0.6
1925611,Gary Quay,,Acting,,0,,1.4
1792220,Rowan Schlosberg,,Acting,,0,,1.163
228195,Jason Chan,1971-12-01,Acting,,2,nm1267985,1.025
15339,Mathew Wilkinson,,Acting,,0,nm1187896,4.085
2844036,Johann Walraven,,Acting,,0,,0.6
1646982,Ilya Melnikoff,,Acting,,2,,2.397
1238110,Nikolai Nikolaeff,1981-12-26,Acting,,2,nm0631788,4.089
213087,Warwick Young,1973-05-24,Acting,,2,nm0002642,1.255
3118501,Paul Donazzan,,Acting,,0,,0.6
3118505,Vanessa Trezise,,Acting,,0,,0.6
3118507,Matthew Jorgensen,,Acting,,0,,0.6
3118508,Matthew Jorgensen,,Acting,,0,,0.6
7232,Sarah Halley Finn,,Production,,1,nm0278168,7.477
4501,Dean Semler,1943-05-26,Camera,,2,nm0005871,5.855
5132,Bob Badami,1951-10-02,Sound,,2,nm0045941,1.482
10631,John Frazier,1944-09-23,Visual Effects,,2,nm0292594,1.176
6062,Bob Beher,,Sound,,0,nm0066903,1.575
6898,BT,1971-10-04,Sound,,2,nm0117741,0.6
7627,Laura Ziskin,1950-03-03,Production,2011-06-12,1,nm0957205,0.833
13304,J. Michael Riva,1948-06-28,Art,2012-06-07,2,nm0728951,0.793
9583,Charlie Revai,,Art,,2,nm0720748,1.018
9598,Ray Anthony,,Crew,,2,nm0030991,1.176
9405,Desmond Cannon,,Crew,,2,nm0134184,0.694
10753,Jonathan Lee,,Art,,2,nm0497587,0.6
11874,Neal H. Moritz,1959-06-06,Production,,2,nm0605775,2.447
15329,Lizzy Gardiner,,Costume & Make-Up,,1,nm0306773,0.766
18179,W.D. Richter,1945-12-07,Writing,,2,nm0725379,1.799
20540,Randi Hiller,,Production,,1,nm0384900,2.445
21700,Christopher S. Capp,,Editing,,2,nm0135440,1.899
54272,Joel Hynek,,Visual Effects,,0,nm0006699,1.008
54250,Kwame Parker,,Production,,0,nm0662426,0.84
54252,E. Bennett Walsh,,Production,,2,nm0003342,0.979
57161,David Burr,,Camera,,2,nm0122999,0.6
64156,Trevor Morris,1970-05-25,Sound,,2,nm0007129,1.764
62480,Sasisupa Sungvaribud,,Production,,0,nm2180649,0.6
62481,Michelle Purple,,Production,,0,nm0321977,0.6
62483,Dredg,,Sound,,0,nm1877690,0.6
62485,Suza Maybury,,Art,,0,nm0562269,0.6
68761,Randy Miller,,Sound,,2,nm0589172,1.058
71279,Andrew S. Eisen,,Editing,,2,nm0251948,1.473
75142,Jane Johnston,,Costume & Make-Up,,0,nm0426674,0.6
75475,Catherine Bishop,,Production,,1,nm0084006,0.98
75715,Lawrence Woodward,,Crew,,0,nm0940959,1.285
76092,Hamish Roxburgh,,Directing,,0,nm1460022,0.6
166753,Guy Norris,,Directing,,2,nm0635815,0.794
565471,Shelley Andagan,,Production,,0,nm1453874,0.6
1115736,Bruce Stambler,,Sound,,0,nm0821801,1.108
1304446,Eugene Intas,,Art,,0,nm0409416,0.6
1321694,Kerry Thompson,,Costume & Make-Up,,0,nm0860383,0.6
1345608,Lance Gilbert,,Crew,,2,nm0318141,1.942
1347755,John Finklea,,Sound,,2,nm0277941,1.22
1350905,Craig 'Bart' Bartlett-Sweiger,,Camera,,2,nm2725799,0.6
1376888,Luke Caska,,Art,,0,nm2160173,0.7
1377369,Jason Ninness,,Production,,0,nm0632481,0.652
1379517,Craig Hosking,1958-03-31,Crew,,2,nm0396000,4.495
1387183,John C. Stuver,,Sound,,2,nm0836515,1.38
1391708,Kym Sainsbury,,Costume & Make-Up,,0,nm0756608,0.6
1391711,Jacinta Leong,1968-06-13,Art,,2,nm0003252,0.6
1392239,Paul Curtis,,Sound,,2,nm2787689,0.6
1400348,Chad Rivetti,,Camera,,2,nm0729632,0.6
1400560,Erik Nash,,Visual Effects,,0,nm0621716,0.6
1401641,Kate Birch,,Costume & Make-Up,,0,nm0083268,0.6
1401717,Chris Godfrey,,Visual Effects,,0,nm0323967,1.08
1401739,Shaun Conway,,Lighting,,2,nm0176778,0.6
1401743,Mary Barltrop,,Production,,0,nm0055299,0.6
1401965,Bryan Grill,,Visual Effects,,0,nm0341985,1.4
1402733,Jim Millett,,Art,,0,nm0589582,0.6
1404903,Becky Sullivan,,Sound,,1,nm0167915,0.6
1409233,Kirsten Fazio,,Visual Effects,,0,nm1209688,0.6
1418487,Lorene Simpson,,Editing,,0,nm1541373,0.6
1437195,Jim Schwalm,,Crew,,0,nm6221802,0.6
1444249,Ryan McCoy,,Camera,,0,,0.6
1448601,Angie Jones,,Visual Effects,,0,nm1319174,1.16
1454000,David Hansen,,Visual Effects,,0,nm2362497,0.6
1454530,Tim Lyall,,Art,,0,nm3185326,0.6
1462701,Jesse Kaplan,,Sound,,0,nm1344860,0.6
1473444,Paul Aulicino,,Sound,,0,nm0042042,0.6
1475961,James Lima,,Art,,0,nm0510666,0.6
1494210,Mark Goellnicht,,Camera,,2,nm1096909,1.16
1518756,P.J. Voeten,,Directing,,2,nm0900840,1.528
1533501,Shad Davis,,Visual Effects,,0,nm0205443,0.6
1536898,John Bowring,,Crew,,0,nm0101447,0.6
1551053,Dwayne McClintock,,Camera,,0,,0.6
1556515,Courtney Gross,,Production,,1,,0.6
1560110,Michael Hatzer,,Editing,,0,,0.6
1569270,Andy Sutton,,Directing,,0,,0.6
1575733,Tony Xeros,,Art,,0,nm0944432,0.6
1575750,John Platt,,Camera,,0,,0.6
1575761,Natasha Monaghan,,Costume & Make-Up,,0,,0.6
1581991,Siranat Ratchusanti,,Art,,0,,1.094
1588684,Lindsay Adams,,Visual Effects,,0,,0.6
1613277,Dave Heazlewood,,Crew,,0,,0.6
1635597,Veronique Lawrence,,Directing,,0,,0.6
1681846,Amy Greene,,Production,,1,nm1536584,0.6
1688606,Michael Goosen,,Production,,0,,0.6
1738639,Paul Thompson,,Costume & Make-Up,,0,,0.98
1746428,Mal Booth,,Camera,,0,,1.38
1746455,Ivana Daniele,,Costume & Make-Up,,0,,0.6
1768099,Frank Flick,,Camera,,2,nm0282268,0.6
1781877,Milan Janicin,,Camera,,0,,1.4
1805808,Scott Lovelock,,Directing,,2,nm0522591,0.702
1866374,Nicholas Copping,,Production,,0,,0.6
1886361,Larry Morgan,,Crew,,0,,0.6
1906325,Marco Nero,,Art,,0,,0.6
1906326,Monika Stankowski,,Art,,0,,0.6
1906327,Matt Baldwin,,Art,,0,,0.6
1906329,Gustavo Balboa,,Art,,0,,0.6
1906339,Chris Tomkins,,Art,,0,,0.6
1906341,Jo Thorpe,,Costume & Make-Up,,0,,0.6
1906342,Allan Lane,,Costume & Make-Up,,0,,0.6
1906343,Douglas Ngai,,Crew,,0,,0.98
1906344,Jason Mack,,Crew,,0,,0.98
1906345,Chris Whitaker,,Crew,,0,,0.6
1906346,Nicholas E. Schepisi,,Crew,,0,,0.6
1906347,Nafees Bin Zafar,,Crew,,0,,0.6
1906348,Martin Clark,,Crew,,0,,0.6
1906349,Jim Beard,,Crew,,0,,0.6
1906350,Michael Taylor,,Crew,,2,nm0852900,0.6
1906351,Kitty Rourke,,Directing,,0,,0.6
1906353,Adam Hunter,,Lighting,,0,,0.6
1906354,Steve Daley,,Lighting,,0,,0.6
1906355,Mark Bills,,Lighting,,0,,0.6
1906356,Iain Mathieson,,Lighting,,0,,0.6
1906359,Alyssa Evans,,Production,,0,,0.6
1906360,Brad Smith,,Visual Effects,,2,nm1485598,0.6
1906361,Jongwoo Heo,,Visual Effects,,0,,0.6
1906362,Jodie Weston,,Visual Effects,,0,,0.6
1906363,Chad Glass,,Writing,,0,,0.6
1906364,Randy Sharp,,Visual Effects,,0,,0.6
1925384,Bruce Shapiro,,Crew,,0,,0.6
1925631,Ashleigh Carter,,Camera,,0,,0.6
1945805,Charles Anderson,,Visual Effects,,0,,0.6
1980516,Jane Dawkins,,Production,,0,,0.6
1993601,Jayson Price,,Visual Effects,,0,,0.694
2005447,Toby Grime,,Art,,0,,0.6
2064130,H. Barclay Aaris,,Crew,,0,,1.186
2085194,Mark Kupenga,,Lighting,,0,,0.6
2144955,Paul Davenport,,Crew,,0,,0.6
2171136,Suzie Bruce,,Production,,0,,0.6
2193984,Davy Nethercutt,,Visual Effects,,0,,0.6
2218525,Michael Taylor,,Production,,0,,0.98
2220072,Scott Ross,,Production,,0,,0.6
2254933,S. Regina Carney,,Visual Effects,,0,,0.6
2301524,Justin Griffiths,,Art,,0,,0.6
2301525,Amanda Craze,,Costume & Make-Up,,0,,0.6
2301527,Deborah Antoniou,,Directing,,0,,0.6
2301533,Natalie Bracher,,Art,,0,,0.6
2301540,Eric Taylor Williamson,,Sound,,0,,0.98
2301542,Scot Shinderman,,Visual Effects,,0,,0.6
2301543,Sheree Swords,,Crew,,1,,0.6
2301544,Steve Byron,,Camera,,0,,0.6
2301545,Jim Sheedy,,Camera,,0,,0.6
2301546,Juliet Verni,,Camera,,0,,0.6
2301547,Malcolm Eager,,Camera,,0,,0.6
2301548,Troy Paschini,,Camera,,0,,0.6
2301552,Sharon L. Craig,,Production,,0,,0.6
2301554,Chalitrat Chandrubeksa,,Crew,,0,,0.6
2301557,Pamela Chizema,,Production,,0,,0.6
2301558,Stacy Solomon,,Production,,0,,0.6
2301562,Metin Gungor,,Visual Effects,,0,,0.6
2301566,Brent Armfield,,Production,,0,,0.6
20803,Zuleikha Robinson,1977-06-29,Acting,,1,nm0733196,5.048
26999,Chris Owen,1980-09-25,Acting,,2,nm0654104,7.721
18999,J.K. Simmons,1955-01-09,Acting,,2,nm0799777,35.456
20808,Adoni Maropis,1963-01-01,Acting,,2,nm0549538,0.626
20805,Louise Lombard,1970-09-13,Acting,,1,nm0518321,12.768
1479,Frank Collison,1950-02-14,Acting,,2,nm0172806,5.815
20806,Silas Carson,1965-01-01,Acting,,2,nm0141324,3.376
1240492,Victor Talmadge,,Acting,,2,nm0848237,0.84
5004,Omar Sharif,1932-04-10,Acting,2015-07-10,2,nm0001725,8.781
20804,Adam Alexi-Malle,1964-09-24,Acting,,2,nm0018956,0.6
20807,Harsh Nayyar,,Acting,,2,nm0623319,0.798
20809,Joshua Wolf Coleman,,Acting,,2,nm1552879,1.62
5419,Saïd Taghmaoui,1973-07-19,Acting,,2,nm0846548,7.757
68278,Peter Mensah,1959-08-27,Acting,,2,nm0579795,8.317
1286126,Franky Mwangi,,Acting,,2,nm1552901,1.75
7862,Floyd Red Crow Westerman,1936-08-17,Acting,2007-12-13,2,nm0922671,1.92
4000,Elizabeth Berridge,1962-05-02,Acting,,1,nm0000931,7.225
236022,Kimberly Guerrero,,Acting,,1,nm0635846,1.877
2209617,Zac Badasci,1991-12-08,Acting,,2,nm1552870,1.485
78097,Stevan Rimkus,,Acting,,2,nm0727268,3.456
89141,Jerry Hardin,1929-11-20,Acting,,2,nm0362222,5.438
116907,Marshall Manesh,1950-08-16,Acting,,2,nm0542000,8.518
128404,George Gerdes,1948-02-23,Acting,2021-01-01,2,nm0314195,1.49
170805,Todd Kimsey,1962-06-06,Acting,2016-09-16,2,nm0454066,0.851
56890,Malcolm McDowell,1943-06-13,Acting,,2,nm0000532,19.678
1367234,Mo Brings Plenty,1969-09-04,Acting,,2,nm2511354,8.156
4945,Joe Johnston,1950-05-13,Directing,,2,nm0002653,6.14
4950,Shelly Johnson,1960-01-01,Camera,,2,nm0426224,0.6
4951,Robert Dalva,1942-04-14,Editing,,2,nm0198395,1.572
4952,Nancy Foy,,Production,,0,nm0289408,1.394
6923,Troy Sizemore,,Art,,0,nm0803482,1.011
7778,Patricia Carr,,Production,,1,nm0139823,1.539
8157,Doc Kane,,Sound,,0,nm0437301,2.226
11300,Tim Alexander,,Visual Effects,,0,nm0018780,0.887
11413,Garrett Lewis,1935-04-02,Art,2013-01-29,2,nm0507204,1.286
16467,Kevin Constant,,Art,,2,nm0176010,1.285
16737,Jim Weidman,,Sound,,2,nm0917784,2.902
17649,Alexander Witt,,Camera,,2,nm0936838,2.168
19284,Barry Robison,,Art,,2,nm0733209,0.6
20801,John Fusco,,Writing,,0,nm0299301,1.508
20802,Casey Silver,,Production,,0,nm0798661,0.6
31518,Chris Salvaterra,,Production,,0,nm1176498,0.6
35664,William M. Elvin,,Directing,,2,nm0255839,0.6
41337,Nezha Aouis,,Costume & Make-Up,,0,nm0031864,0.692
62088,Jason Sweers,,Art,,0,nm0842230,1.138
62215,Andrea Clark,,Production,,1,nm1075657,0.6
92352,Oscar Delgadillo,,Costume & Make-Up,,0,nm0216882,0.6
92358,Gary Isbell,,Costume & Make-Up,,0,nm0410739,0.6
83087,John Kwiatkowski,,Sound,,2,nm0477179,0.6
91144,Shawn Murphy,,Sound,,0,nm0004156,0.6
109129,Myke Michaels,,Costume & Make-Up,,2,nm0584448,0.6
116903,Richard Luke Rothschild,,Production,,0,nm0745304,2.046
557443,Ahmed Abounouom	,,Production,,0,nm0008900,0.6
1091813,Shawna Trpcic,,Costume & Make-Up,,1,nm0495348,1.176
1168763,John Conroy,1969-01-26,Camera,,2,nm0175829,0.6
1172441,Gregory S. Hooper,1967-02-19,Art,,0,nm0393744,1.051
1173688,Ricardo Cruz,,Crew,,0,,1.134
1301476,Bret Culpepper,,Crew,,0,nm0191694,0.6
1302411,David A. Smith,,Sound,2008-10-23,2,nm0807889,0.6
1305602,Patricio M. Farrell,,Art,,0,nm0268304,0.787
1331649,William A. Campbell,,Costume & Make-Up,,2,nm0132935,0.6
1338456,Jennifer Dunne,,Production,,0,nm0242858,0.6
1339206,Robert Wojewodski,,Costume & Make-Up,,0,nm0937518,0.6
1342619,Dan Dorfer,,Art,,0,nm0233545,0.6
1342663,David Olson,,Sound,,2,nm0647884,0.6
1355529,Carol Kiefer,,Art,,1,nm0452357,0.84
1357067,Corey Bronson,,Costume & Make-Up,,0,nm0111507,0.6
1364409,Douglas Womack,,Art,,0,nm0938817,0.6
1367493,John T. Cucci,,Sound,,2,nm0190961,1.46
1378218,Ronald S. Baratie,,Art,,0,nm1180737,0.802
1378722,Joseph Bonn,,Sound,,0,nm1264983,0.6
1392237,C.J. Maguire,,Art,,2,nm0536555,0.6
1398083,Abdellah Baadil,,Art,,0,nm1929525,0.6
1398111,Hicham Regragui,,Crew,,0,nm0716731,0.6
1401107,Ginger Theisen,,Visual Effects,,0,nm0857369,1.38
1401884,Yann Denoual,,Art,,0,nm0219699,0.6
1403698,Antonio Tarolla,,Art,,0,nm0850569,0.6
1406859,Tristan Barnard,,Production,,0,nm2381844,1.38
1407223,Bunny Parker,,Costume & Make-Up,,0,nm0662103,0.753
1408292,Cheryl Eckert,,Costume & Make-Up,,1,nm1024255,0.6
1408301,Jason W. Jennings,,Sound,,0,nm0421174,1.643
1408365,Brenda K. Wachel,,Directing,,1,nm0905129,0.652
1412208,Carlane Passman,,Costume & Make-Up,,0,nm0664907,0.84
1412215,David Fulton,,Production,,0,nm0298459,1.22
1416584,Bruno Van Zeebroeck,,Crew,,2,nm0888356,1.96
1435071,Michael Mills,,Costume & Make-Up,,0,nm0590114,1.286
1437618,Zakia Essouci,,Acting,,0,,0.6
1443065,Joe Dorn,,Sound,,2,nm0233843,0.6
1457938,Chris Crowell,,Visual Effects,,0,nm0189674,0.6
1463475,Beth D'Amato,,Visual Effects,,0,,0.6
1472587,Don Zepfel,,Production,,0,nm0954980,1.4
1475892,Hamid Ait Timaghrit,,Production,,2,nm3049707,1.4
1491704,Todd Masters,,Costume & Make-Up,,0,nm0557724,0.705
1532597,Terry Anderson,,Costume & Make-Up,,0,nm0027502,0.652
1534970,Chris Samp,,Art,,0,nm0760015,0.677
1542802,Angel Pine,,Crew,,1,nm0683955,0.6
1545428,Christopher V. Bromley,,Production,,2,nm0111337,0.6
1547205,Eddie Pasquarello,,Visual Effects,,0,,0.98
1548698,Pete Anthony,1963-08-16,Sound,,2,nm0030981,1.4
1550166,Mary H. Ellis,,Sound,,1,nm0254978,0.703
1550576,David Eubank,1953-04-02,Camera,,0,nm0262266,0.6
1553245,Richard J. Cartwright,,Camera,,0,,1.4
1553268,Derek Ledbetter,,Visual Effects,,2,nm1355658,0.6
1564250,James Ashwill,,Sound,,2,nm0039305,0.983
1569836,Timothy McCrary,,Lighting,,0,,0.6
1571776,Richard E. Chapla Jr.,,Production,,0,,0.84
1578642,Rob Grundy,,Crew,,0,,0.6
1581162,Tilly Creswell,,Production,,0,,0.6
1585000,Alex Barnoya,,Crew,,0,,0.6
1594920,Frank Kilmartin,,Crew,,0,,0.6
1597191,Richard Cody,,Crew,,0,,0.6
1610272,Aaron Martin,1970-10-09,Sound,,0,,1.094
1620005,Matt DiFranco,,Production,,0,,0.6
1624710,Chris Arnold,,Crew,,0,,0.6
1627959,Rodolfo Damaggio,,Art,,2,,0.6
1627960,Fleur Nooyen,,Art,,0,,0.6
1627961,Jian Cong,,Camera,,0,,0.6
1627963,Kamaleddine Talmi,,Camera,,0,,0.6
1627974,Fouad Bourbouh,,Crew,,0,,0.6
1627975,Saad Ajedigue,,Crew,,0,,0.6
1627977,Fred Apolito,,Crew,,2,nm0032090,0.6
1627982,Ken Deubel III,,Crew,,0,,0.6
1627983,Katharine Chadwick,,Crew,,0,,0.6
1627984,Rachid Abbad,,Crew,,2,nm3173881,1.4
1627985,Mustapha Ismaili Alaoui,,Crew,,0,,0.6
1627986,Dino Dos Santos,1968-07-18,Crew,,2,nm1326778,0.6
1627988,Youssef Mohattane,,Crew,,0,,0.6
1627989,David Tanaka,,Crew,,0,,0.6
1627991,Diva Magpayo,,Editing,,0,,0.6
1627992,Lyamani Bouhmdi,,Lighting,,0,,0.6
1627993,Donald D. Davidson,,Lighting,,0,,0.6
1627994,David Maddux,,Lighting,,2,nm0534739,0.6
1627995,Kenneth J. Appel,,Lighting,,0,,0.6
1627996,Jerry L. Marshall,,Camera,,2,nm0550953,0.6
1627997,Mohamed Atbir,,Production,,0,,0.6
1628004,Scott McKinstry,,Production,,0,,0.6
1628033,Sylvia Wong,,Visual Effects,,0,,0.6
1628034,Peter Hutchinson,1943-02-10,Visual Effects,,0,,0.6
1628057,Damien Carr,,Visual Effects,,0,,0.6
1632066,Peter McKernan,,Crew,,2,nm0571681,0.7
1640584,Nick Foley,,Sound,,2,nm1289922,0.84
1667274,Matthew P. Hanson,,Sound,,0,,0.6
1755689,Jack Taggart,,Costume & Make-Up,,0,,1.658
1780483,Danny Brazen,,Camera,,0,,0.6
1840702,Daniel R. Bentley,,Art,,2,nm0072801,1.094
1867129,Jim Leidholdt,,Camera,,0,,0.6
1867136,Mark Forbes,,Crew,,0,,0.6
1867138,Burke Beardsley,,Crew,,0,,0.6
1867156,Daniel Griley,,Crew,,0,,0.6
1867157,Yann Mari Faget,1973-01-26,Directing,,2,nm0265093,0.6
1867160,Mohamed Essaghir Aabach,,Production,,0,,0.6
1867167,Bradford Harris,,Sound,,0,,0.6
1867191,Jae Cheol Hong,,Visual Effects,,0,,0.6
1953449,William Clay,,Visual Effects,,0,,0.6
1979542,Michael B. Mullins,,Camera,,0,,0.6
2140196,Chris Johnson,,Camera,,2,nm5566509,0.6
2170110,Michael Neal,,Production,,0,,0.6
2196994,Ruben Garcia,,Directing,,2,nm0305423,0.98
2198690,Anna Bradley,,Production,,0,,0.6
2215149,Hedy Phil Balani,,Production,,0,,0.6
2225759,Graeme Haughton,,Crew,,0,,0.6
2227250,Tiffany Fraser,,Production,,0,,0.6
2239538,Amina Ben Cherki,,Costume & Make-Up,,0,,0.6
2239541,Bud Raymond,,Crew,,0,,0.6
2239542,Ron Seigel,,Crew,,0,,0.6
2239543,Tonia Forsberg,,Crew,,0,,0.84
2239546,Sandra Constantine,,Production,,0,,0.6
2239547,Kim Ju,,Production,,0,,0.6
2239548,Jinane Benzaida,,Production,,0,,0.6
2239549,Sandra L. Dixon,,Production,,0,,0.6
