MovieID,MovieTitle,OriginalLanguageCode,ReleaseDate,Adult,PrimaryGenreName,SecondaryGenreName,MinorGenreName
62395,Marcelino pan y vino,es,1955-02-24,False,Dramat,Komedia,Nieznane
13649,High School Musical 2,en,2007-08-17,False,Komedia,Dramat,Familijny
73884,麥兜故事,zh,2001-12-15,False,Animacja,Dramat,Komedia
19955,Prête-moi ta main,fr,2006-11-01,False,Komedia,Romans,Nieznane
77801,Miss Representation,en,2011-01-20,False,Dokumentalny,Nieznane,Nieznane
34560,Halloweentown High,en,2004-10-08,False,Przygodowy,Komedia,Familijny
38147,"Oh, God! Book II",en,1980-10-03,False,Fantasy,Komedia,Nieznane
54580,Los lunes al sol,es,2002-09-27,False,Dramat,Komedia,Nieznane
42000,妖怪大戦争,ja,2005-08-06,False,Komedia,Fantasy,Akcja
24920,Paura nella città dei morti viventi,it,1980-08-11,False,Horror,Nieznane,Nieznane
9279,Jingle All the Way,en,1996-11-21,False,Familijny,Komedia,Przygodowy
60994,Guinevere,en,1999-09-12,False,Dramat,Romans,Nieznane
8424,Jeux d'enfants,fr,2003-09-17,False,Dramat,Komedia,Romans
15584,Dear Zachary: A Letter to a Son About His Father,en,2008-10-31,False,Dokumentalny,Kryminał,Nieznane
15128,Speechless,en,1994-12-16,False,Romans,Komedia,Nieznane
29427,The Crazies,en,2010-02-26,False,Tajemnica,Horror,Akcja
227719,Project Almanac,en,2015-01-28,False,Sci-Fi,Thriller,Dramat
20147,Dave Chappelle: For What It's Worth,en,2004-09-04,False,Komedia,Nieznane,Nieznane
292,Dave Chappelle's Block Party,en,2005-09-12,False,Komedia,Dokumentalny,Muzyczny
598,Cidade de Deus,pt,2002-02-05,False,Dramat,Kryminał,Nieznane
58886,Iedereen beroemd!,nl,2000-04-12,False,Komedia,Nieznane,Nieznane
97630,Zero Dark Thirty,en,2012-12-19,False,Thriller,Dramat,Historyczny
13580,The Spy Who Came in from the Cold,en,1965-12-16,False,Dramat,Thriller,Nieznane
9264,Poison Ivy,en,1992-05-08,False,Thriller,Dramat,Nieznane
32325,Mi Vida Loca,en,1994-06-08,False,Kryminał,Dramat,Nieznane
9090,"To Wong Foo, Thanks for Everything! Julie Newmar",en,1995-09-07,False,Komedia,Nieznane,Nieznane
10694,The Chase,en,1994-03-04,False,Przygodowy,Komedia,Akcja
320,Insomnia,en,2002-05-24,False,Kryminał,Tajemnica,Thriller
39385,La vérité si je mens !,fr,1997-04-01,False,Komedia,Nieznane,Nieznane
7012,The Day After,en,1983-11-28,False,film TV,Sci-Fi,Dramat
8840,DragonHeart,en,1996-05-31,False,Fantasy,Akcja,Przygodowy
25694,Alice in Wonderland,en,1933-12-18,False,Przygodowy,Familijny,Fantasy
62213,Dark Shadows,en,2012-05-09,False,Komedia,Fantasy,Nieznane
96724,Anna Karenina,en,2012-09-06,False,Dramat,Romans,Nieznane
15944,The Shaggy Dog,en,1959-03-19,False,Komedia,Familijny,Fantasy
22625,Circle of Friends,en,1995-04-07,False,Dramat,Romans,Nieznane
10377,My Cousin Vinny,en,1992-03-13,False,Komedia,Kryminał,Nieznane
7364,Sahara,en,2005-04-06,False,Akcja,Przygodowy,Komedia
15121,The Sound of Music,en,1965-03-29,False,Dramat,Familijny,Muzyczny
14019,Ex Drummer,nl,2007-01-31,False,Komedia,Kryminał,Dramat
101230,06,nl,1994-09-01,False,Dramat,Romans,Nieznane
126797,Mental,en,2012-10-04,False,Komedia,Dramat,Nieznane
277967,Das ewige Leben,de,2015-03-05,False,Komedia,Kryminał,Thriller
17047,Agent Cody Banks 2: Destination London,en,2004-03-12,False,Komedia,Akcja,Przygodowy
11662,キャシャーン,ja,2004-04-24,False,Dramat,Horror,Sci-Fi
76640,The Last Stand,en,2013-01-12,False,Akcja,Kryminał,Thriller
9846,To Live and Die in L.A.,en,1985-11-01,False,Kryminał,Thriller,Akcja
5279,Gosford Park,en,2001-11-07,False,Dramat,Tajemnica,Thriller
42006,红高粱,zh,1987-10-10,False,Dramat,Wojenny,Romans
10845,2001 Maniacs,en,2005-05-12,False,Komedia,Horror,Nieznane
