MovieID,MovieTitle,OriginalLanguageCode,ReleaseDate,Adult,PrimaryGenreName,SecondaryGenreName,MinorGenreName
16384,My Blue Heaven,en,1990-08-17,False,Akcja,Komedia,Nieznane
10656,Subway,fr,1985-04-10,False,Akcja,Thriller,Nieznane
26190,Carry On Cruising,en,1962-03-12,False,Komedia,Nieznane,Nieznane
259694,How to Be Single,en,2016-01-21,False,Komedia,Romans,Nieznane
13125,けんか空手 極真拳,ja,1975-08-09,False,Akcja,Dramat,Nieznane
49809,Serving in Silence: The Margarethe Cammermeyer Story,en,1995-01-23,False,Dramat,film TV,Nieznane
11523,View from the Top,en,2003-03-21,False,Komedia,Romans,Nieznane
978,Seven Years in Tibet,en,1997-09-12,False,Przygodowy,Dramat,Historyczny
255268,Bad Ass 2: Bad Asses,en,2014-04-08,False,Akcja,Nieznane,Nieznane
32636,Vanya on 42nd Street,en,1994-10-19,False,Dramat,Nieznane,Nieznane
70435,Haywire,en,2011-11-01,False,Akcja,Dramat,Thriller
16296,Killer Klowns from Outer Space,en,1988-05-27,False,Komedia,Horror,Sci-Fi
14675,The Awful Truth,en,1937-10-20,False,Komedia,Dramat,Romans
13363,The Man from Earth,en,2007-06-10,False,Sci-Fi,Dramat,Nieznane
5143,Hannah and Her Sisters,en,1986-02-07,False,Komedia,Dramat,Nieznane
11232,Kate & Leopold,en,2001-12-25,False,Komedia,Fantasy,Romans
14844,Chasing Liberty,en,2004-01-01,False,Komedia,Romans,Nieznane
18305,英雄本色2,zh,1987-12-17,False,Akcja,Kryminał,Thriller
326,Snakes on a Plane,en,2006-08-17,False,Akcja,Kryminał,Thriller
10612,The Englishman Who Went Up a Hill But Came Down a Mountain,en,1995-05-12,False,Dramat,Komedia,Romans
15512,Monsters vs Aliens,en,2009-03-19,False,Animacja,Familijny,Przygodowy
6075,Carlito's Way,en,1993-11-10,False,Kryminał,Thriller,Dramat
155,The Dark Knight,en,2008-07-14,False,Dramat,Akcja,Kryminał
49009,The Way Back,en,2010-11-22,False,Dramat,Przygodowy,Historyczny
2335,Taxi 4,fr,2007-02-10,False,Akcja,Komedia,Nieznane
37527,Dr. Giggles,en,1992-10-23,False,Komedia,Horror,Tajemnica
10071,The Brothers Solomon,en,2007-09-07,False,Komedia,Nieznane,Nieznane
14271,Beyond the Mat,en,1999-10-22,False,Dokumentalny,Nieznane,Nieznane
1949,Zodiac,en,2007-03-02,False,Kryminał,Dramat,Tajemnica
583,Life of Brian,en,1979-08-17,False,Komedia,Nieznane,Nieznane
24077,The Tall Guy,en,1989-02-01,False,Komedia,Romans,Nieznane
13475,Star Trek,en,2009-05-06,False,Sci-Fi,Akcja,Przygodowy
63020,The Perez Family,en,1995-05-12,False,Komedia,Dramat,Romans
27725,High Sierra,en,1941-01-23,False,Akcja,Przygodowy,Kryminał
11230,醉拳,cn,1978-10-05,False,Akcja,Komedia,Nieznane
108553,Sibling Rivalry,en,1990-10-26,False,Komedia,Romans,Nieznane
8424,Jeux d'enfants,fr,2003-09-17,False,Dramat,Komedia,Romans
4477,The Devil's Own,en,1997-03-13,False,Kryminał,Thriller,Dramat
11598,The Kentucky Fried Movie,en,1977-08-10,False,Komedia,Nieznane,Nieznane
60307,Diary of a Wimpy Kid: Rodrick Rules,en,2011-03-25,False,Familijny,Komedia,Nieznane
482004,Too Funny to Fail: The Life & Death of The Dana Carvey Show,en,2017-10-20,False,Dokumentalny,Komedia,Nieznane
47939,Three Wishes,en,1995-10-27,False,Fantasy,Familijny,Dramat
1727,Bird on a Wire,en,1990-05-18,False,Akcja,Przygodowy,Komedia
9542,The Hitcher,en,1986-01-17,False,Horror,Akcja,Thriller
339116,Maximum Ride,en,2016-09-30,False,Akcja,Przygodowy,Komedia
38805,Lilies of the Field,en,1963-06-04,False,Komedia,Dramat,Nieznane
11132,Confessions of a Teenage Drama Queen,en,2004-02-17,False,Komedia,Nieznane,Nieznane
10726,American Psycho II: All American Girl,en,2002-04-22,False,Horror,Thriller,Nieznane
20878,"Кавказская пленница, или Новые приключения Шурика",ru,1967-04-01,False,Komedia,Romans,Muzyczny
87,Indiana Jones and the Temple of Doom,en,1984-05-23,False,Przygodowy,Akcja,Nieznane
