MovieID,PersonID,PopularityOnRelease,Job,Department
862,31,29.395,Actor,Acting
862,12898,20.582,Actor,Acting
862,7167,6.828,Actor,Acting
862,12899,12.39,Actor,Acting
862,12900,14.675,Actor,Acting
862,7907,6.922,Actor,Acting
862,8873,22.228,Actor,Acting
862,1116442,1.908,Actor,Acting
862,12901,15.841,Actor,Acting
862,12133,12.401,Actor,Acting
862,8655,7.918,Actor,Acting
862,12903,1.347,Actor,Acting
862,37221,3.321,Actor,Acting
862,19545,3.419,Actor,Acting
862,1266092,1.018,Actor,Acting
862,94038,1.231,Actor,Acting
862,1202809,0.993,Actor,Acting
862,134713,1.571,Actor,Acting
862,73016,10.177,Actor,Acting
862,186614,0.792,Actor,Acting
862,84213,8.255,Actor,Acting
862,1122227,0.84,Actor,Acting
862,1017469,2.102,Actor,Acting
862,1217873,2.193,Actor,Acting
862,1266095,0.979,Actor,Acting
862,178710,0.84,Actor,Acting
862,214701,3.573,Actor,Acting
862,79020,2.306,Actor,Acting
862,84493,11.328,Actor,Acting
862,166406,2.033,Actor,Acting
862,7882,3.083,Actor,Acting
862,61968,1.769,Actor,Acting
862,61969,2.094,Actor,Acting
862,157626,3.151,Actor,Acting
862,7911,2.262,Actor,Acting
862,7,5.974,Actor,Acting
862,158124,2.334,Actor,Acting
862,78729,4.757,Actor,Acting
862,7879,7.839,Actor,Acting
862,69415,3.926,Actor,Acting
862,2256785,0.6,Actor,Acting
862,8,4.193,Editor,Editing
862,9,1.56,Shading,Visual Effects
862,10,6.453,Animation,Visual Effects
862,598,0.626,Casting,Production
862,2216,3.527,Sound Designer,Sound
862,2874,1.751,Casting,Production
862,4949,2.101,Orchestrator,Sound
862,7069,1.166,Sound Effects Editor,Sound
862,7881,0.863,Storyboard Artist,Art
862,7883,1.22,Art Direction,Art
862,7885,2.629,Original Music Composer,Sound
862,7887,1.214,Visual Effects Supervisor,Visual Effects
862,7890,0.6,Lead Painter,Art
862,7892,1.486,Animation,Visual Effects
862,7893,0.6,Animation Director,Visual Effects
862,7897,0.84,Visual Effects Technical Director,Visual Effects
862,7902,3.588,Casting Consultant,Production
862,7918,3.717,Animation,Visual Effects
862,7940,0.6,Production Office Assistant,Crew
862,7949,1.214,CG Painter,Visual Effects
862,7961,0.6,Sculptor,Art
862,8010,0.652,Animation,Visual Effects
862,8015,0.6,Animation,Visual Effects
862,8017,0.98,Animation,Visual Effects
862,8025,0.6,Animation,Visual Effects
862,8029,3.641,Animation,Visual Effects
862,8035,0.6,Animation,Visual Effects
862,8042,0.6,Animation,Visual Effects
862,8044,1.646,Animation,Visual Effects
862,8050,0.6,Animation,Visual Effects
862,8067,0.6,Assistant Sound Editor,Sound
862,8082,0.98,Shading,Visual Effects
862,8086,1.382,Modeling,Visual Effects
862,8096,1.38,Software Engineer,Crew
862,8098,0.6,Shading,Visual Effects
862,8125,0.627,Software Engineer,Crew
862,8135,0.828,Camera Supervisor,Camera
862,8138,1.38,Camera Technician,Camera
862,8160,1.96,Foley,Sound
862,8164,0.744,Foley,Sound
862,8276,1.289,Supervising Sound Editor,Sound
862,12079,5.939,Storyboard Artist,Art
862,12890,9.592,Original Story,Writing
862,12891,6.516,Screenplay,Writing
862,12892,2.033,Screenplay,Writing
862,12893,3.451,Screenplay,Writing
862,12894,1.4,Producer,Production
862,12895,1.558,Executive Producer,Production
862,12896,1.294,Producer,Production
862,12897,1.62,Executive Producer,Production
862,12905,1.87,Animation Director,Visual Effects
862,12909,0.6,Production Supervisor,Production
862,12912,0.648,Lighting Supervisor,Lighting
862,12915,1.214,CG Painter,Visual Effects
862,15894,0.972,Sound Design Assistant,Crew
862,7899,2.287,Lighting Supervisor,Lighting
862,57673,4.058,Production Controller,Crew
862,60678,2.297,Concept Artist,Art
862,66193,7.809,Character Designer,Visual Effects
862,78009,0.734,Animation,Visual Effects
862,555795,0.6,Animation,Visual Effects
862,587314,1.532,Animation,Visual Effects
862,953331,0.6,Executive Music Producer,Crew
862,958055,1.4,Storyboard Artist,Art
862,958881,1.56,Story Supervisor,Writing
862,1088034,1.96,Character Designer,Visual Effects
862,1116126,0.6,Casting Assistant,Production
862,1168870,0.608,Editor,Editing
862,1176752,1.721,Character Designer,Visual Effects
862,1184140,0.6,Animation,Visual Effects
862,1336438,0.6,Assistant Editor,Editing
862,1372885,1.388,Music Editor,Sound
862,1399287,0.6,Title Graphics,Crew
862,1401794,0.6,Assistant Production Coordinator,Production
862,1406878,0.6,Visual Effects,Visual Effects
862,1414177,0.98,Assistant Sound Editor,Sound
862,1414182,0.6,ADR Editor,Sound
862,1421301,0.6,Software Engineer,Crew
862,1425978,3.763,Sound Re-Recording Mixer,Sound
862,1426773,0.746,Animation,Visual Effects
862,1429549,2.752,Color Timer,Editing
862,1443471,0.98,Set Dresser,Art
862,1446996,1.052,Foley,Sound
862,1447465,0.6,Character Designer,Visual Effects
862,1450347,0.98,Storyboard Artist,Art
862,1453514,0.907,Animation,Visual Effects
862,1454030,0.6,Animation,Visual Effects
862,1454034,1.396,Animation,Visual Effects
862,1455525,0.6,Production Intern,Crew
862,1458006,0.6,Title Designer,Art
862,1468014,1.13,Unit Publicist,Crew
862,1509559,0.6,Animation,Visual Effects
862,1552883,0.6,Foley Editor,Sound
862,1589729,0.6,Assistant Editor,Editing
862,1629419,0.6,Post Production Supervisor,Crew
862,1643610,0.6,Character Designer,Visual Effects
862,1677823,0.6,Animation Manager,Visual Effects
862,1738132,0.6,Negative Cutter,Editing
862,1739962,1.314,Negative Cutter,Editing
862,1748513,0.6,Negative Cutter,Editing
862,1748557,0.6,Supervising Technical Director,Crew
862,1748682,0.6,Animation,Visual Effects
862,1748683,0.6,Animation,Visual Effects
862,1748684,0.6,Animation,Visual Effects
862,1748688,0.6,Animation,Visual Effects
862,1748689,0.6,Animation,Visual Effects
862,1748691,1.564,Animation,Visual Effects
862,1748698,0.6,Visual Effects,Visual Effects
862,1748699,0.6,Visual Effects,Visual Effects
862,1748701,0.6,Visual Effects,Visual Effects
862,1748703,0.6,Visual Effects,Visual Effects
862,1748705,0.6,Sculptor,Art
862,1748710,0.6,Set Dresser,Art
862,1748711,0.6,Set Dresser,Art
862,1748712,0.6,Editorial Manager,Editing
862,1748716,0.6,Assistant Editor,Editing
862,1748717,0.6,Assistant Editor,Editing
862,1748718,0.6,Editorial Coordinator,Editing
862,1748719,0.6,Production Coordinator,Production
862,1748720,0.6,Production Coordinator,Production
862,1748724,0.6,Assistant Sound Editor,Sound
862,1748725,0.6,Assistant Sound Editor,Sound
862,1749775,1.4,Production Office Assistant,Crew
862,1760552,0.828,Production Accountant,Production
862,1847643,0.6,Post Production Supervisor,Crew
862,1909457,0.6,Animation Manager,Visual Effects
862,1993493,0.6,Animation,Visual Effects
862,1994536,0.6,Lighting Artist,Lighting
862,1994587,0.6,Camera Technician,Camera
862,1994602,0.6,Lighting Technician,Lighting
862,1994655,1.094,Assistant Production Coordinator,Production
862,1994673,0.6,Software Engineer,Crew
862,1994686,0.6,Lighting Artist,Lighting
862,1996103,0.6,Animation Department Coordinator,Visual Effects
862,1996110,0.6,Art Department Manager,Art
862,1996115,0.6,Lighting Coordinator,Lighting
862,1996141,0.6,Information Systems Manager,Crew
862,1996149,0.6,Editorial Production Assistant,Editing
862,1996151,0.6,Finance,Production
862,1996159,0.6,Modeling,Visual Effects
862,1996162,0.6,Lighting Coordinator,Lighting
862,1996232,0.6,Systems Administrators & Support,Crew
862,1996241,0.6,Modeling,Visual Effects
862,1996243,0.98,Modeling,Visual Effects
862,1996244,0.6,Modeling,Visual Effects
862,1996245,0.6,Modeling,Visual Effects
862,1996246,0.98,Modeling,Visual Effects
862,1996258,0.6,Music Supervisor,Sound
862,1996266,0.6,Production Intern,Crew
862,1996267,0.6,Production Intern,Crew
862,1996268,0.6,Production Intern,Crew
862,1996269,0.6,Production Intern,Crew
862,1996270,0.6,Production Intern,Crew
862,1996271,0.6,Production Intern,Crew
862,1996272,0.6,Production Intern,Crew
862,1996277,0.6,Production Intern,Crew
862,1996281,0.6,Production Intern,Crew
862,1996283,0.6,Production Intern,Crew
862,1996284,0.98,Production Office Assistant,Crew
862,1996285,0.6,Production Office Assistant,Crew
862,1996289,0.6,Software Engineer,Crew
862,1996292,0.6,Software Engineer,Crew
862,1996294,0.6,Software Engineer,Crew
862,1996295,0.6,Software Engineer,Crew
862,1996300,1.094,Shading,Visual Effects
862,1996301,0.6,Shading,Visual Effects
862,1996303,0.6,Software Engineer,Crew
862,1996304,0.6,Software Engineer,Crew
862,1996306,0.6,Modeling,Visual Effects
862,1996307,0.6,Modeling,Visual Effects
862,1996308,0.6,Modeling,Visual Effects
862,1996316,0.6,Lighting Artist,Lighting
862,1996317,0.6,Animation,Visual Effects
862,2004942,0.828,Animation,Visual Effects
862,3289681,0.6,Storyboard Artist,Art
8844,2157,12.94,Actor,Acting
8844,205,27.919,Actor,Acting
8844,145151,2.245,Actor,Acting
8844,5149,11.6,Actor,Acting
8844,8537,6.464,Actor,Acting
8844,10739,4.673,Actor,Acting
8844,58563,8.61,Actor,Acting
8844,46530,6.316,Actor,Acting
8844,1276,21.224,Actor,Acting
8844,56523,3.954,Actor,Acting
8844,51551,5.036,Actor,Acting
8844,56522,4.288,Actor,Acting
8844,1000304,1.226,Actor,Acting
8844,1234882,1.694,Actor,Acting
8844,1076551,1.079,Actor,Acting
8844,1480246,0.84,Actor,Acting
8844,25024,2.811,Actor,Acting
8844,27110,2.976,Actor,Acting
8844,53715,9.442,Actor,Acting
8844,1379424,3.272,Actor,Acting
8844,1235504,0.6,Actor,Acting
8844,25389,6.1,Actor,Acting
8844,1483449,1.101,Actor,Acting
8844,1483450,0.6,Actor,Acting
8844,1483451,0.6,Actor,Acting
8844,1483452,0.6,Actor,Acting
8844,1483453,0.6,Actor,Acting
8844,1483454,0.98,Actor,Acting
8844,1483455,0.608,Actor,Acting
8844,1483456,0.6,Actor,Acting
8844,1483457,1.96,Actor,Acting
8844,109870,3.374,Actor,Acting
8844,511,2.145,Executive Producer,Production
8844,876,2.909,Screenplay,Writing
8844,900,2.464,Assistant Sound Designer,Sound
8844,1729,2.819,Original Music Composer,Sound
8844,4945,6.302,Director,Directing
8844,4951,0.947,Editor,Editing
8844,4952,0.758,Casting,Production
8844,6690,1.4,Visual Effects Coordinator,Visual Effects
8844,7764,0.6,Supervising Sound Editor,Sound
8844,8023,5.316,Animation Supervisor,Visual Effects
8844,9967,4.192,Production Design,Art
8844,9184,1.187,Producer,Production
8844,9196,2.268,Executive Producer,Production
8844,11655,2.016,Unit Production Manager,Production
8844,12070,0.828,Art Direction,Art
8844,12777,0.6,Production Coordinator,Production
8844,15893,1.597,Sound Effects Editor,Sound
8844,14657,0.631,Foley Editor,Sound
8844,18389,0.648,Executive Producer,Production
8844,18890,0.6,Stunt Coordinator,Crew
8844,23782,1.22,Visual Effects Art Director,Crew
8844,42267,1.96,Sound Designer,Sound
8844,42269,0.972,Visual Effects Supervisor,Visual Effects
8844,35508,1.22,Production Executive,Production
8844,11371,0.6,Director of Photography,Camera
8844,42356,3.368,Novel,Writing
8844,42357,2.252,Producer,Production
8844,10858,0.6,Set Decoration,Art
8844,60711,1.96,Production Manager,Production
8844,113098,0.6,Special Effects Best Boy,Crew
8844,113203,1.663,Stunt Double,Crew
8844,56520,1.646,Screenplay,Writing
8844,56521,1.15,Screenplay,Writing
8844,65754,0.6,Set Decoration,Art
8844,159112,1.184,Color Timer,Editing
8844,932748,2.967,Stunts,Crew
8844,958540,0.995,Makeup Designer,Costume & Make-Up
8844,959742,0.739,Casting Assistant,Production
8844,981542,1.96,Stand In,Crew
8844,1174769,0.6,Chief Lighting Technician,Lighting
8844,1237456,0.6,Art Direction,Art
8844,1324530,0.98,Costume Design,Costume & Make-Up
8844,1334184,0.98,Property Master,Art
8844,1335041,2.572,Construction Coordinator,Art
8844,1339446,0.694,Sound Effects Editor,Sound
8844,1341850,0.6,Set Designer,Art
8844,1357611,0.6,Costume Supervisor,Costume & Make-Up
8844,1357612,0.6,Assistant Costume Designer,Costume & Make-Up
8844,1378696,2.308,Sound Effects Editor,Sound
8844,1378725,0.6,Transportation Coordinator,Crew
8844,1397174,1.217,Special Effects Coordinator,Crew
8844,1399326,0.774,Music Editor,Sound
8844,1399582,1.4,Script Supervisor,Directing
8844,1400812,0.6,ADR Supervisor,Sound
8844,1401117,1.094,Unit Publicist,Crew
8844,1401604,1.166,Wigmaker,Costume & Make-Up
8844,1401990,0.6,Video Assist Operator,Crew
8844,1402216,0.6,Best Boy Electrician,Lighting
8844,1406386,0.6,Production Accountant,Production
8844,1406794,0.6,Location Manager,Production
8844,1407842,0.6,First Assistant Camera,Camera
8844,1413179,1.4,Visual Effects Producer,Visual Effects
8844,1426761,0.6,Key Hair Stylist,Costume & Make-Up
8844,1441278,0.6,Construction Foreman,Art
8844,1441320,0.6,Special Effects Assistant,Crew
8844,1446194,0.6,Art Direction,Art
8844,1462281,1.4,Orchestrator,Sound
8844,1463300,0.648,Production Illustrator,Art
8844,1463388,0.608,Assistant Sound Editor,Sound
8844,1512251,0.6,Key Makeup Artist,Costume & Make-Up
8844,1526722,0.6,Software Engineer,Crew
8844,1530363,0.6,Visual Effects Editor,Crew
8844,1537139,0.766,Dialogue Editor,Sound
8844,1546395,0.6,Costume Design,Costume & Make-Up
8844,1548639,0.6,Production Office Coordinator,Production
8844,1550399,0.6,Sound Mixer,Sound
8844,1562661,0.6,Boom Operator,Sound
8844,1571649,1.26,First Assistant Director,Directing
8844,1573109,0.6,Assistant Accountant,Production
8844,1582404,0.6,Transportation Captain,Crew
8844,1594967,0.6,ADR Mixer,Sound
8844,1673565,0.6,Payroll Accountant,Production
8844,1677829,0.6,Storyboard Artist,Art
8844,1692697,0.6,Underwater Camera,Camera
8844,1702522,0.6,Driver,Crew
8844,1771082,0.6,Set Decoration,Art
8844,1832417,0.6,Still Photographer,Camera
8844,1848089,1.38,Additional Camera,Camera
8844,1890602,0.6,Leadman,Art
8844,1921047,0.6,Construction Buyer,Art
8844,1934918,0.6,Dolly Grip,Camera
8844,1939432,0.6,Greensman,Art
8844,1939434,1.38,Sculptor,Art
8844,1939435,0.6,Key Grip,Camera
8844,1939436,0.6,Grip,Camera
8844,1939444,0.6,Set Dressing Artist,Costume & Make-Up
8844,1939445,0.6,Carpenter,Crew
8844,1939447,0.6,Craft Service,Crew
8844,1939448,0.6,Makeup Effects,Crew
8844,1939450,0.6,Scenic Artist,Crew
8844,1939452,0.6,Set Medic,Crew
8844,1939454,0.6,Supervising Animator,Crew
8844,1939465,0.6,First Assistant Editor,Editing
8844,1939466,0.6,Electrician,Lighting
8844,1939467,0.6,Casting Associate,Production
8844,1939468,0.6,Executive In Charge Of Production,Production
8844,1939470,1.38,Digital Compositors,Visual Effects
8844,1939471,0.694,Visual Effects Supervisor,Visual Effects
8844,1950851,0.6,Assistant Editor,Editing
8844,1992625,0.6,Second Assistant Director,Directing
8844,2056047,0.6,Negative Cutter,Editing
8844,2076761,1.38,Second Assistant Camera,Camera
8844,2113659,0.6,Colorist,Editing
8844,2204289,0.6,Extras Casting,Production
8844,2242013,0.6,Special Effects Technician,Crew
8844,2314363,0.6,Assistant Makeup Artist,Costume & Make-Up
8844,2314364,0.6,Dresser,Costume & Make-Up
8844,2314365,0.6,Second Second Assistant Director,Directing
8844,2314366,0.6,Third Assistant Director,Directing
8844,2314367,0.6,Assistant Property Master,Art
8844,2314369,0.6,Best Boy Grip,Camera
8844,2314370,0.6,Camera Trainee,Camera
8844,2314372,0.6,Assistant Location Manager,Production
8844,2314375,0.6,Production Assistant,Production
8844,2314376,0.6,Production Driver,Production
15602,6837,12.408,Actor,Acting
15602,3151,6.919,Actor,Acting
15602,13567,22.233,Actor,Acting
15602,16757,15.329,Actor,Acting
15602,589,21.009,Actor,Acting
15602,16523,12.751,Actor,Acting
15602,7166,9.129,Actor,Acting
15602,155483,3.735,Actor,Acting
15602,3117,1.087,Production Design,Art
15602,37,4.987,Original Music Composer,Sound
15602,909,1.163,Editor,Editing
15602,2043,1.22,Producer,Production
15602,16300,1.22,Director of Photography,Camera
15602,5631,0.6,Local Casting,Production
15602,7184,1.103,Co-Producer,Production
15602,8653,0.98,Sound Mixer,Sound
15602,13930,0.6,First Assistant Director,Directing
15602,15349,1.4,Editor,Editing
15602,16837,1.709,Characters,Writing
15602,42034,3.322,Sound Re-Recording Mixer,Sound
15602,26502,9.362,Director,Directing
15602,21794,0.962,Editor,Editing
15602,21797,0.6,Set Decoration,Art
15602,23580,2.262,Casting,Production
15602,51693,1.301,Costume Design,Costume & Make-Up
15602,69716,0.6,Producer,Production
15602,75797,2.58,Foley Editor,Sound
15602,1340326,0.98,Visual Effects Supervisor,Visual Effects
15602,1345596,1.442,Dialogue Editor,Sound
15602,1357066,2.167,Camera Operator,Camera
15602,1364410,0.766,Foley Editor,Sound
15602,1392125,0.98,Supervising Sound Editor,Sound
15602,1392130,0.6,Sound Effects Editor,Sound
15602,1394130,0.6,Sound Re-Recording Mixer,Sound
15602,1399061,0.6,Dialogue Editor,Sound
15602,1399876,1.176,Still Photographer,Camera
15602,1399996,0.98,Sound Re-Recording Mixer,Sound
15602,1404218,1.152,Sound Effects Editor,Sound
15602,1408284,0.84,Sound Re-Recording Mixer,Sound
15602,1408662,0.6,Camera Operator,Camera
15602,1412990,3.153,Camera Operator,Camera
15602,1420154,0.721,Supervising ADR Editor,Sound
15602,1423861,0.6,Foley Editor,Sound
15602,1443067,0.6,ADR Editor,Sound
15602,1454536,0.84,Foley Editor,Sound
15602,1549201,0.6,Supervising Dialogue Editor,Sound
15602,1550601,0.612,Property Master,Art
15602,1554796,0.6,Gaffer,Lighting
15602,1562009,0.6,Hairstylist,Costume & Make-Up
15602,1565201,0.98,Sound Effects Editor,Sound
15602,1776984,0.98,Sound Effects Editor,Sound
15602,1802698,0.6,Art Direction,Art
15602,1893559,0.6,Unit Production Manager,Production
15602,2042491,0.6,Supervising Sound Effects Editor,Sound
15602,2042497,0.6,Boom Operator,Sound
15602,2042498,0.6,Special Effects Coordinator,Crew
15602,2042501,0.6,Associate Producer,Production
31357,8851,4.698,Actor,Acting
31357,9780,10.236,Actor,Acting
31357,18284,2.301,Actor,Acting
31357,51359,3.677,Actor,Acting
31357,66804,5.786,Actor,Acting
31357,352,15.966,Actor,Acting
31357,87118,9.513,Actor,Acting
31357,34,13.457,Actor,Acting
31357,1276777,1.575,Actor,Acting
31357,10814,11.501,Actor,Acting
31357,17859,6.831,Actor,Acting
31357,49002,10.039,Actor,Acting
31357,23681,2.436,Actor,Acting
31357,49276,1.793,Actor,Acting
31357,44822,5.274,Actor,Acting
31357,1197519,3.156,Actor,Acting
31357,55965,0.928,Actor,Acting
31357,1212697,7.077,Actor,Acting
31357,103898,1.427,Actor,Acting
31357,12974,8.242,Actor,Acting
31357,4808,16.312,Actor,Acting
31357,11164,6.854,Actor,Acting
31357,29051,3.594,Actor,Acting
31357,2147578,0.6,Actor,Acting
31357,93351,0.98,Actor,Acting
31357,2353171,0.6,Actor,Acting
31357,1077894,1.646,Actor,Acting
31357,1423514,0.6,Actor,Acting
31357,1486764,1.352,Actor,Acting
31357,2178,9.503,Director,Directing
31357,5144,2.139,Screenplay,Writing
31357,5329,0.6,Production Design,Art
31357,7536,1.551,Costume Design,Costume & Make-Up
31357,8425,0.6,Editor,Editing
31357,21968,2.192,Producer,Production
31357,57709,0.735,Director of Photography,Camera
31357,70592,2.453,Producer,Production
31357,111118,1.4,Screenplay,Writing
31357,1079697,0.84,Original Music Composer,Sound
31357,1087695,0.6,Producer,Production
