PersonID,Name,Birthday,KnownFor,Deathday,Gender,IMDBID,Popularity
31,Tom Hanks,1956-07-09,Acting,,2,nm0000158,29.395
12898,Tim Allen,1953-06-13,Acting,,2,nm0000741,20.582
7167,Don Rickles,1926-05-08,Acting,2017-04-06,2,nm0725543,6.828
12899,Jim Varney,1949-06-15,Acting,2000-02-10,2,nm0001815,12.39
12900,Wallace Shawn,1943-11-12,Acting,,2,nm0001728,14.675
7907,John Ratzenberger,1947-04-06,Acting,,2,nm0001652,6.922
8873,Annie Potts,1952-10-28,Acting,,1,nm0001633,22.228
1116442,John Morris,1984-10-02,Acting,,2,nm0606658,1.908
12901,Erik von Detten,1982-10-03,Acting,,2,nm0902184,15.841
12133,Laurie Metcalf,1955-06-16,Acting,,1,nm0582418,12.401
8655,R. Lee Ermey,1944-03-24,Acting,2018-04-15,2,nm0000388,7.918
12903,Sarah Freeman,1986-09-26,Acting,,1,nm0293589,1.347
37221,Penn Jillette,1955-03-05,Acting,,2,nm0422710,3.321
19545,Jack Angel,1930-10-24,Acting,2021-10-18,2,nm0029460,3.419
1266092,Spencer Aste,,Acting,,0,nm0039970,1.018
94038,Greg Berg,1960-12-14,Acting,,2,nm0073765,1.231
1202809,Lisa Bradley,,Acting,,0,nm0103324,0.993
134713,Kendall Cunningham,,Acting,,0,nm0192368,1.571
73016,Debi Derryberry,1967-09-27,Acting,,1,nm0220635,10.177
186614,Cody Dorkin,,Acting,,2,nm0233733,0.792
84213,Bill Farmer,1952-11-14,Acting,,2,nm0267724,8.255
1122227,Craig Good,,Production,,2,nm0328678,0.84
1017469,Gregory Grudt,,Acting,,0,nm0344362,2.102
1217873,Danielle Judovits,1985-01-12,Acting,,1,nm0431957,2.193
1266095,Sam Lasseter,,Acting,,0,nm0489849,0.979
178710,Brittany Levenbrown,,Acting,,1,nm0505239,0.84
214701,Sherry Lynn,1940-05-20,Acting,,1,nm0528802,3.573
79020,Scott McAfee,,Acting,,2,nm0563902,2.306
84493,Mickie McGowan,,Acting,,1,nm0569680,11.328
166406,Ryan O'Donohue,1984-04-26,Acting,,2,nm0640891,2.033
7882,Jeff Pidgeon,1965-03-19,Writing,,2,nm0682066,3.083
61968,Patrick Pinney,1952-06-30,Acting,,2,nm0684442,1.769
61969,Phil Proctor,1940-07-28,Acting,,2,nm0698413,2.094
157626,Jan Rabson,1954-06-14,Acting,,2,nm0705014,3.151
7911,Joe Ranft,1960-03-13,Writing,2005-08-16,2,nm0710020,2.262
7,Andrew Stanton,1965-12-03,Writing,,2,nm0004056,5.974
158124,Shane Sweet,1986-01-06,Acting,,2,nm0842303,2.334
78729,Nathan Lane,1956-02-03,Acting,,2,nm0001447,4.757
7879,John Lasseter,1957-01-12,Production,,2,nm0005124,7.839
69415,Ernie Sabella,1949-09-19,Acting,,2,nm0754676,3.926
2256785,Jonathan Benair,1950-07-04,Acting,1998-06-28,2,nm0070166,0.6
8,Lee Unkrich,1967-08-08,Directing,,2,nm0881279,4.193
9,Graham Walters,,Production,,2,nm0910237,1.56
10,Bob Peterson,1961-01-18,Acting,,2,nm0677037,6.453
598,Mike Fenton,,Production,2020-12-30,2,nm0272067,0.626
2216,Gary Rydstrom,1959-06-29,Sound,,2,nm0003977,3.527
2874,Janet Hirshenson,,Production,,1,nm0386664,1.751
4949,Don Davis,1957-02-04,Sound,,2,nm0204485,2.101
7069,Pat Jackson,,Sound,,0,nm0413913,1.166
7881,Jill Culton,,Visual Effects,,1,nm0191717,0.863
7883,Ralph Eggleston,1965-10-18,Art,,2,nm0250995,1.22
7885,Randy Newman,1943-11-28,Sound,,2,nm0005271,2.629
7887,Thomas Porter,,Production,,0,nm0692312,1.214
7890,Tia W. Kratter,,Art,,1,nm0470034,0.6
7892,Glenn McQueen,,Crew,,2,nm0574342,1.486
7893,Rich Quade,,Visual Effects,,0,nm0702725,0.6
7897,Eben Ostby,,Visual Effects,,0,nm0652296,0.84
7902,Ruth Lambert,,Production,,1,nm0483294,3.588
7918,Bud Luckey,1934-07-28,Acting,,2,nm0524726,3.717
7940,Jonas Rivera,,Production,,0,nm0729304,0.6
7949,Robin Cooper,,Visual Effects,,0,nm0178349,1.214
7961,Norm DeCarlo,,Art,,0,nm0213651,0.6
8010,Doug Sweetland,,Visual Effects,,0,nm0842339,0.652
8015,Shawn Krause,,Visual Effects,,0,nm0470256,0.6
8017,Jeff Pratt,,Visual Effects,,0,nm0695472,0.98
8025,Michael Berenstein,,Visual Effects,,0,nm0073559,0.6
8029,Jimmy Hayward,1970-09-17,Visual Effects,,2,nm0371755,3.641
8035,Karen Kiser,,Visual Effects,,0,nm0457161,0.6
8042,Andrew L. Schmidt,,Visual Effects,,2,nm2112570,0.6
8044,David Tart,,Visual Effects,,0,nm0850716,1.646
8050,Alan Sperling,,Visual Effects,,0,nm0818302,0.6
8067,Dan Engstrom,,Sound,,0,nm0257754,0.6
8082,Deirdre Warin,,Visual Effects,,0,nm0912243,0.98
8086,Mark Adams,,Visual Effects,,0,nm0011185,1.382
8096,Daniel McCoy,,Visual Effects,,0,nm0566717,1.38
8098,Anthony A. Apodaca,,Visual Effects,,0,nm0032071,0.6
8125,Rob Cook,,Crew,,0,nm0177251,0.627
8135,Louis Rivera,,Camera,,2,nm0729329,0.828
8138,Don Conway,,Camera,,0,nm0176675,1.38
8160,Dennie Thorpe,,Sound,,1,nm0861659,1.96
8164,Tony Eckert,,Sound,,0,nm0248635,0.744
8276,Tim Holland,,Sound,,2,nm0390843,1.289
12079,Kelly Asbury,1960-01-15,Directing,2020-06-26,2,nm0038432,5.939
12890,Pete Docter,1968-10-09,Writing,,2,nm0230032,9.592
12891,Joss Whedon,1964-06-23,Writing,,2,nm0923736,6.516
12892,Joel Cohen,,Writing,,2,nm0169505,2.033
12893,Alec Sokolow,,Writing,,0,nm0812513,3.451
12894,Bonnie Arnold,,Production,,1,nm0036366,1.4
12895,Ed Catmull,1945-03-31,Production,,2,nm0146216,1.558
12896,Ralph Guggenheim,,Production,,2,nm0346558,1.294
12897,Steve Jobs,1955-02-24,Acting,2011-10-05,2,nm0423418,1.62
12905,Ash Brannon,1969-07-19,Writing,,2,nm0105169,1.87
12909,Karen Robert Jackson,,Production,,0,nm0413727,0.6
12912,Sharon Calahan,,Camera,,1,nm0129269,0.648
12915,William Cone,,Visual Effects,,0,nm0174487,1.214
15894,Tom Myers,,Sound,,2,nm0616878,0.972
7899,Galyn Susman,,Production,,0,nm0839877,2.287
57673,Kevin Reher,,Production,,2,nm0716816,4.058
60678,William Joyce,1957-12-11,Writing,,2,nm0431622,2.297
66193,Chris Sanders,1962-03-12,Acting,,2,nm0761498,7.809
78009,Colin Brady,,Visual Effects,,0,nm0103595,0.734
555795,Mark Oftedal,,Writing,,0,nm0644464,0.6
587314,Guionne Leroy,,Visual Effects,,0,nm0503757,1.532
953331,Chris Montan,,Crew,,0,nm0598895,0.6
958055,Jason Katz,,Writing,,2,nm0441735,1.4
958881,Robert Lence,,Writing,,2,nm0501729,1.56
1088034,Tom Holloway,,Visual Effects,,0,nm4596908,1.96
1116126,Meredith Layne,,Production,,1,nm0006746,0.6
1168870,Robert Gordon,,Editing,,2,nm0330560,0.608
1176752,Dan Haskett,1952-08-20,Visual Effects,,2,nm0368153,1.721
1184140,Steve Rabatich,,Writing,,0,nm0704747,0.6
1336438,Dana Mulligan,,Editing,,0,nm0612291,0.6
1372885,James Flamberg,,Sound,,0,nm0280963,1.388
1399287,Mark Dornfeld,,Visual Effects,,0,nm0233916,0.6
1401794,Lucas Putnam,,Crew,,0,nm0701228,0.6
1406878,Mark Thomas Henne,,Visual Effects,,0,nm0377181,0.6
1414177,J.R. Grubbs,,Sound,,0,nm0344197,0.98
1414182,Marilyn McCoppen,,Sound,,1,nm0566359,0.6
1421301,Steve Johnson,,Visual Effects,,2,,0.6
1425978,Gary Summers,,Sound,,0,nm0838707,3.763
1426773,Hal T. Hickel,,Visual Effects,,2,nm0382579,0.746
1429549,Dale E. Grahn,1954-10-03,Editing,,0,nm0334391,2.752
1443471,Sonoko Konishi,,Art,,0,nm0814484,0.98
1446996,Tom Barwick,,Sound,,0,,1.052
1447465,Jean Gillmore,,Visual Effects,,0,,0.6
1450347,Mike Cachuela,,Writing,,0,nm0128027,0.98
1453514,Kim Blanchette,,Visual Effects,,0,nm0087170,0.907
1454030,Angie Glocka,,Visual Effects,,0,nm0322949,0.6
1454034,Ken Willard,,Visual Effects,,0,nm0929618,1.396
1455525,Victoria Livingstone,,Visual Effects,,0,nm0515310,0.6
1458006,Susan Bradley,,Art,,0,,0.6
1468014,Lauren Beth Strogoff,,Crew,,0,nm0834780,1.13
1509559,Steve Segal,,Visual Effects,,0,nm0781867,0.6
1552883,Mary Helen Leasman,,Sound,,0,,0.6
1589729,Robin Lee,,Sound,,0,,0.6
1629419,Patsy Bouge,,Crew,,0,,0.6
1643610,Bob McKnight,,Visual Effects,,2,nm0995266,0.6
1677823,Triva von Klark,,Production,,0,,0.6
1738132,Rich Mackay,,Editing,,0,,0.6
1739962,Mary Beth Smith,,Editing,,1,,1.314
1748513,Rick Mackay,,Editing,,0,,0.6
1748557,William Reeves,,Crew,,0,,0.6
1748682,Davey Crockett Feiten,,Visual Effects,,0,,0.6
1748683,Rex Grignon,,Visual Effects,,0,,0.6
1748684,Tom K. Gurney,,Visual Effects,,0,,0.6
1748688,Anthony B. LaMolinara,,Visual Effects,,0,,0.6
1748689,Les Major,,Visual Effects,,0,,0.6
1748691,Doug Sheppeck,,Visual Effects,,0,,1.564
1748698,Oren Jacob,,Visual Effects,,2,nm0414232,0.6
1748699,Darwyn Peachey,,Visual Effects,,0,,0.6
1748701,Mitch Prater,,Visual Effects,,0,,0.6
1748703,Brian M. Rosen,,Visual Effects,,0,,0.6
1748705,Shelley Daniels Lekven,,Art,,0,,0.6
1748710,Kelly O'Connell,,Art,,0,,0.6
1748711,Ann M. Rockwell,,Art,,0,,0.6
1748712,Julie M. McDonald,,Editing,,0,,0.6
1748716,Tom Freeman,,Editing,,0,,0.6
1748717,Ada Cochavi,,Editing,,0,,0.6
1748718,Deirdre Morrison,,Editing,,0,,0.6
1748719,Lori Lombardo,,Production,,0,,0.6
1748720,Ellen Devine,,Production,,0,,0.6
1748724,Susan Sanford,,Sound,,1,,0.6
1748725,Susan Popovic,,Sound,,0,,0.6
1749775,Christian Hill,,Editing,,0,,1.4
1760552,Terri Greening,,Production,,0,,0.828
1847643,Miguel Ángel Poveda,,Production,,0,,0.6
1909457,B.Z. Petroff,,Visual Effects,,0,,0.6
1993493,Matthew Luhn,,Writing,,2,,0.6
1994536,Cynthia Dueltgen,,Visual Effects,,0,,0.6
1994587,Matthew Martin,,Crew,,0,,0.6
1994602,Ewan Johnson,,Directing,,0,,0.6
1994655,Victoria Jaschob,,Directing,,0,,1.094
1994673,Don Schreiter,,Crew,,0,,0.6
1994686,Mark T. VandeWettering,,Crew,,0,,0.6
1996103,Maureen Wylie,,Visual Effects,,0,,0.6
1996110,Terry McQueen,,Art,,0,,0.6
1996115,Douglas Todd,,Lighting,,0,,0.6
1996141,David H. Ching,,Crew,,0,,0.6
1996149,Jesse William Wallace,,Editing,,0,,0.6
1996151,Lisa Ellis,,Production,,0,,0.6
1996159,Kevin Bjorke,,Directing,,0,,0.6
1996162,Barbara T. Labounta,,Lighting,,0,,0.6
1996232,Michael E. Murdock,,Crew,,0,,0.6
1996241,Deborah R. Fowler,,Visual Effects,,0,,0.6
1996243,Damir Frkovic,,Visual Effects,,0,,0.98
1996244,Shalini Govil-Pai,,Visual Effects,,0,,0.6
1996245,David R. Haumann,,Visual Effects,,0,,0.6
1996246,Yael Milo,,Visual Effects,,0,,0.98
1996258,Tod Cooper,,Sound,,0,,0.6
1996266,Andrew Caldwell,,Crew,,0,,0.6
1996267,Martin Caplan,,Crew,,0,,0.6
1996268,Ryan Chisum,,Crew,,0,,0.6
1996269,Takeshi Hasegawa,,Crew,,0,,0.6
1996270,Jay Hathaway,,Crew,,0,,0.6
1996271,Jason Henry,,Crew,,0,,0.6
1996272,Steven Kani,,Crew,,0,,0.6
1996277,Kevin Page,,Crew,,0,,0.6
1996281,Benjamin Salles,,Crew,,0,,0.6
1996283,Dave Thomas,,Crew,,2,,0.6
1996284,Nancy Copeland,,Crew,,0,,0.98
1996285,Alethea Harampolis,,Crew,,0,,0.6
1996289,Pat Hanrahan,,Crew,,0,,0.6
1996292,Jim Lawson,,Crew,,0,,0.6
1996294,M.W. Mantle,,Crew,,0,,0.6
1996295,David Salesin,,Crew,,0,,0.6
1996300,Keith B.C. Gordon,,Visual Effects,,0,,1.094
1996301,Larry Gritz,,Visual Effects,,0,,0.6
1996303,Bill Carson,,Crew,,0,,0.6
1996304,Ken Huey,,Crew,,0,,0.6
1996306,Mark Eastwood,,Visual Effects,,0,,0.6
1996307,Monique Hodgkinson,,Visual Effects,,0,,0.6
1996308,Grey Holland,,Visual Effects,,0,,0.6
1996316,Larry Aupperle,,Lighting,,0,,0.6
1996317,Heather Knight,,Visual Effects,,0,,0.6
2004942,Roger Rose,,Visual Effects,,0,nm0741649,0.828
3289681,Perry Farinola,,Art,,0,,0.6
2157,Robin Williams,1951-07-21,Acting,2014-08-11,2,nm0000245,12.94
205,Kirsten Dunst,1982-04-30,Acting,,1,nm0000379,27.919
145151,Bradley Pierce,1982-10-23,Acting,,2,nm0682300,2.245
5149,Bonnie Hunt,1961-09-22,Acting,,1,nm0001372,11.6
8537,Jonathan Hyde,1948-05-21,Acting,,2,nm0404993,6.464
10739,Bebe Neuwirth,1958-12-31,Acting,,1,nm0001564,4.673
58563,David Alan Grier,1956-06-30,Acting,,2,nm0004979,8.61
46530,Adam Hann-Byrd,1982-02-23,Acting,,2,nm0002123,6.316
1276,Patricia Clarkson,1959-12-29,Acting,,1,nm0165101,21.224
56523,Laura Bell Bundy,1981-04-10,Acting,,1,nm0120410,3.954
51551,James Handy,,Acting,,2,nm0359695,5.036
56522,Gillian Barber,1958-02-22,Acting,,1,nm0053390,4.288
1000304,Brandon Obray,,Acting,,2,nm0643488,1.226
1234882,Cyrus Thiedeke,,Acting,,2,nm0857326,1.694
1076551,Gary Joseph Thorup,,Acting,,0,nm0861809,1.079
1480246,Leonard Zola,,Acting,,0,nm0957648,0.84
25024,Lloyd Berry,1926-11-11,Acting,2016-07-12,2,nm0077615,2.811
27110,Malcolm Stewart,1948-05-15,Acting,,2,nm0829121,2.976
53715,Annabel Kershaw,,Acting,,1,nm0449949,9.442
1379424,Darryl Henriques,1942-01-28,Acting,,2,nm0377666,3.272
1235504,Robyn Driscoll,,Acting,,0,nm0003742,0.6
25389,Peter Bryant,1959-07-30,Acting,,2,nm0117206,6.1
1483449,Sarah Gilson,,Acting,,0,nm0319710,1.101
1483450,Florica Vlad,,Acting,,0,nm0900506,0.6
1483451,June Lion,,Acting,,0,nm0513323,0.6
1483452,Brenda Lockmuller,,Acting,,0,nm0516927,0.6
1483453,Frederick Richardson,,Acting,,0,nm0724545,0.6
1483454,Jaysen Clough,1977-02-06,Acting,,0,nm1888456,0.98
1483455,Daniel Olsen,,Acting,,2,nm2759735,0.608
1483456,Falko Schilling,,Acting,,0,nm6600703,0.6
1483457,David Szehi,1970-07-14,Acting,,0,nm1177714,1.96
109870,Tom Woodruff Jr.,1959-01-01,Costume & Make-Up,,2,nm0940430,3.374
511,Larry J. Franco,1949-04-05,Production,,2,nm0290581,2.145
876,Jonathan Hensleigh,1959-02-13,Writing,,2,nm0378144,2.909
900,Christopher Boyes,,Sound,,2,nm0102110,2.464
1729,James Horner,1953-08-14,Sound,2015-06-22,2,nm0000035,2.819
4945,Joe Johnston,1950-05-13,Directing,,2,nm0002653,6.302
4951,Robert Dalva,1942-04-14,Editing,,2,nm0198395,0.947
4952,Nancy Foy,,Production,,0,nm0289408,0.758
6690,Jill Brooks,,Visual Effects,,0,nm0112059,1.4
7764,Richard Hymns,,Sound,,0,nm0405232,0.6
8023,Kyle Balda,1971-03-09,Directing,,2,nm0049633,5.316
9967,James D. Bissell,1951-08-06,Art,,2,nm0084304,4.192
9184,Scott Kroopf,,Production,,2,nm0472256,1.187
9196,Ted Field,1953-06-01,Production,,2,nm0276059,2.268
11655,Marty P. Ewing,,Production,,2,nm0263988,2.016
12070,James Hegedus,,Art,,2,nm0373701,0.828
12777,Lisa Van Cott,,Production,,0,nm0885897,0.6
15893,Teresa Eckton,1950-03-06,Sound,,1,nm0248757,1.597
14657,Sandina Bailo-Lape,,Sound,,0,nm0047653,0.631
18389,Robert W. Cort,,Production,,2,nm0181202,0.648
18890,Betty Thomas Quee,,Crew,,1,nm0858526,0.6
23782,Doug Chiang,,Art,,2,nm0156956,1.22
42267,Randy Thom,1951-01-01,Sound,,2,nm0858378,1.96
42269,Ken Ralston,,Visual Effects,,0,nm0707822,0.972
35508,Michael Besman,,Production,,2,nm0078698,1.22
11371,Thomas E. Ackerman,1948-09-14,Camera,,2,nm0005630,0.6
42356,Chris van Allsburg,,Writing,,2,nm0885575,3.368
42357,William Teitler,,Production,,2,nm0854074,2.252
10858,Tedd Kuchera,,Art,,0,nm0473680,0.6
60711,Brent O'Connor,,Production,,2,nm0640255,1.96
113098,Tom Blacklock,,Crew,,0,nm0085724,0.6
113203,Mike Mitchell,1968-12-28,Acting,,2,nm0593606,1.663
56520,Greg Taylor,,Writing,,2,nm0852430,1.646
56521,Jim Strain,,Writing,,2,nm0833164,1.15
65754,Beth Kushnick,,Art,,1,nm0476303,0.6
159112,David Orr,1949-01-08,Editing,,2,nm0650542,1.184
932748,Roy T. Anderson,,Crew,,2,nm0027392,2.967
958540,Alec Gillis,1959-08-29,Costume & Make-Up,,2,nm0319266,0.995
959742,Wendy O'Brien,,Production,,1,nm0639882,0.739
981542,Adam Bryant,,Acting,,2,nm0117035,1.96
1174769,Les Erskine,,Lighting,,0,nm0259853,0.6
1237456,David Willson,,Art,,0,nm0932734,0.6
1324530,Martha Wynne Snetsinger,,Costume & Make-Up,,0,nm0811090,0.98
1334184,Dan Sissons,,Art,,2,nm0803106,0.98
1335041,Charles Leitrants,,Art,,2,nm0500737,2.572
1339446,Frank E. Eulner,1963-01-01,Sound,,2,nm0262361,0.694
1341850,Pamela Klamer,,Art,,1,nm0458204,0.6
1357611,Tracey Boulton,,Costume & Make-Up,,0,nm0099613,0.6
1357612,Caroline Cranstoun,,Costume & Make-Up,,0,nm0186520,0.6
1378696,Ethan van der Ryn,1962-10-21,Sound,,2,nm0886399,2.308
1378725,Blue Angus,,Crew,,2,nm1180671,0.6
1397174,Rory Cutler,,Crew,,0,nm0193956,1.217
1399326,Jim Henrikson,,Sound,,2,nm0377619,0.774
1399582,Lara Fox,,Directing,,1,nm0289108,1.4
1400812,Hugh Waddell,,Sound,,2,nm0905304,0.6
1401117,David Linck,,Crew,,2,nm0511077,1.094
1401604,Stacey Butterworth,,Costume & Make-Up,,0,nm1598399,1.166
1401990,Kevin McKenna,,Crew,,0,nm0571378,0.6
1402216,John Adams,,Lighting,,2,nm1056608,0.6
1406386,Tink Ten Eyck,,Production,,0,nm0264111,0.6
1406794,Dow Griffith,,Production,,0,nm0341480,0.6
1407842,Andrew D. Wilson,,Camera,,0,nm0932996,0.6
1413179,Mark S. Miller,,Visual Effects,,0,nm0588914,1.4
1426761,Sherry Linder-Gygli,,Costume & Make-Up,,1,nm0511747,0.6
1441278,Dave Conway,,Art,,0,nm0176666,0.6
1441320,Alex Burdett,,Visual Effects,,0,nm1414335,0.6
1446194,Glen W. Pearson,,Art,,0,nm0669265,0.6
1462281,Steven Bramson,,Sound,,2,nm0104280,1.4
1463300,Timothy Burgard,,Art,,2,nm0121131,0.648
1463388,Lisa Chino,,Sound,,0,nm0157954,0.608
1512251,Sandy Cooper,,Costume & Make-Up,,0,nm0178369,0.6
1526722,David Benson,,Acting,,0,,0.6
1530363,Bill Kimberlin,,Crew,,0,nm0453863,0.6
1537139,Sara Bolder,,Sound,,1,nm0092781,0.766
1546395,Jane E. Still,,Costume & Make-Up,,1,nm0830225,0.6
1548639,Yvonne Melville,,Production,,0,nm0578509,0.6
1550399,Rob Young,,Sound,,2,nm0949997,0.6
1562661,Donald D. Brown,,Sound,,0,nm0113442,0.6
1571649,Betsy Magruder,,Directing,,1,nm0536523,1.26
1573109,Doug Moreno,,Production,,0,,0.6
1582404,Don Dykens,,Crew,,0,,0.6
1594967,Dean Drabin,,Sound,,0,,0.6
1673565,Mandy Butler,,Production,,0,,0.6
1677829,Hank Mayo,,Writing,,0,,0.6
1692697,Pauline Heaton,,Camera,,0,,0.6
1702522,Lawrence Albright,,Crew,,0,,0.6
1771082,Cynthia T. Lewis,,Art,,1,,0.6
1832417,Michael Ginsburg,,Camera,,2,nm0320144,0.6
1848089,Robert Ennis,,Camera,,2,nm0257900,1.38
1890602,Marc Greene,,Acting,,0,,0.6
1921047,John G. Anderson,,Art,,2,nm0026951,0.6
1934918,Rick Stadder,,Camera,,0,,0.6
1939432,Michael J. Siver,,Art,,0,,0.6
1939434,Kent Jones,,Art,,0,,1.38
1939435,Norman Buck,,Camera,,0,,0.6
1939436,Dave Walker,,Camera,,0,,0.6
1939444,Bruno Coupe,,Costume & Make-Up,,0,,0.6
1939445,Gerhard Gehrmann,,Crew,,0,,0.6
1939447,Patti McReynolds,,Crew,,0,,0.6
1939448,Dorothy Bulac,,Crew,,0,,0.6
1939450,Christine Kaseta Cornelius,,Crew,,0,,0.6
1939452,Kim Quam,,Crew,,0,,0.6
1939454,James Straus,,Visual Effects,,2,,0.6
1939465,Bruce Giesbrecht,,Editing,,0,,0.6
1939466,Guy Holt,,Lighting,,0,,0.6
1939467,Suzy Sharp-Kane,,Production,,0,,0.6
1939468,Ron Lynch,,Production,,0,,0.6
1939470,Barbara Brennan,,Visual Effects,,0,,1.38
1939471,Stephen L. Price,,Visual Effects,,0,,0.694
1950851,Melinda Friedman,,Editing,,1,nm0780417,0.6
1992625,Sandra Mayo,,Directing,,0,,0.6
2056047,Doug Jones,,Editing,,0,,0.6
2076761,Terry McEwen,,Camera,,0,,1.38
2113659,Ryan Hogan,,Editing,,0,,0.6
2204289,James Forsyth,1966-09-08,Production,,2,nm0287052,0.6
2242013,Steve Davis,,Crew,,0,,0.6
2314363,Beth Mackie,,Costume & Make-Up,,0,,0.6
2314364,Derek J. Baskerville,,Costume & Make-Up,,0,nm0059926,0.6
2314365,Jonathan Schneider,,Directing,,0,,0.6
2314366,Christine Derek,,Directing,,0,,0.6
2314367,Mike Kruger,,Art,,0,,0.6
2314369,Gary J. Williams,,Camera,,0,,0.6
2314370,Lecily Corbett,,Camera,,0,,0.6
2314372,Rick Fearon,,Production,,0,,0.6
2314375,Kyla Foley,,Production,,0,,0.6
2314376,Ian Thompson,,Production,,0,,0.6
6837,Walter Matthau,1920-10-01,Acting,2000-07-01,2,nm0000527,12.408
3151,Jack Lemmon,1925-02-08,Acting,2001-06-27,2,nm0000493,6.919
13567,Ann-Margret,1941-04-28,Acting,,1,nm0000268,22.233
16757,Sophia Loren,1934-09-20,Acting,,1,nm0000047,15.329
589,Daryl Hannah,1960-12-03,Acting,,1,nm0000435,21.009
16523,Burgess Meredith,1907-11-16,Acting,1997-09-09,2,nm0580565,12.751
7166,Kevin Pollak,1957-10-30,Acting,,2,nm0001629,9.129
155483,Michelle Johnston,1964-10-04,Acting,,1,nm0426785,3.735
3117,Gary Frutkoff,,Art,,2,nm0004583,1.087
37,Alan Silvestri,1950-03-26,Sound,,2,nm0006293,4.987
909,Billy Weber,,Editing,,2,nm0916502,1.163
2043,John Davis,1954-06-20,Production,,2,nm0204862,1.22
16300,Tak Fujimoto,1939-07-12,Camera,,2,nm0005714,1.22
5631,Lynn Blumenthal,,Production,,0,nm0089829,0.6
7184,George Folsey Jr.,,Editing,,2,nm0284390,1.103
8653,Edward Tise,,Sound,,2,nm0864325,0.98
13930,Bruce Moriarty,,Directing,,2,nm0605337,0.6
15349,Maryann Brandon,,Editing,,1,nm0104783,1.4
16837,Mark Steven Johnson,1964-10-30,Writing,,2,nm0425756,1.709
42034,Greg P. Russell,,Sound,,2,nm0751169,3.322
26502,Howard Deutch,1950-09-14,Directing,,2,nm0222043,9.362
21794,Seth Flaum,,Editing,,2,nm0281311,0.962
21797,Peg Cummings,,Art,,0,nm0191941,0.6
23580,Sharon Howard-Field,,Production,,1,nm0276042,2.262
51693,Lisa Jensen,,Costume & Make-Up,,1,nm0421582,1.301
69716,Richard C. Berman,,Production,,2,nm0075828,0.6
75797,Trevor Jolly,,Editing,,2,nm0427225,2.58
1340326,Brian Jennings,1958-08-21,Visual Effects,2015-09-03,2,nm0421117,0.98
1345596,Ralph Osborn,,Sound,,2,nm0651590,1.442
1357066,P. Scott Sakamoto,,Camera,,2,nm0757097,2.167
1364410,Julie Feiner,,Sound,,1,nm0270704,0.766
1392125,J. Paul Huntsman,1953-02-04,Sound,2008-02-21,2,nm0403196,0.98
1392130,Andrew Somers,,Sound,,0,nm0813820,0.6
1394130,Frank A. Montaño,,Sound,,0,nm0599057,0.6
1399061,Benjamin Beardwood,,Sound,,2,nm0063990,0.6
1399876,Ron Phillips,,Camera,,2,nm0680748,1.176
1399996,Robert J. Litt,,Sound,,2,nm0514448,0.98
1404218,Myron Nettinga,,Sound,,0,nm0002383,1.152
1408284,Ken S. Polk,,Sound,,2,nm0689310,0.84
1408662,Joel King,,Camera,,0,nm0454875,0.6
1412990,Gregory Lundsgaard,,Camera,,2,nm0526602,3.153
1420154,Renée Tondelli,,Sound,,0,nm0867123,0.721
1423861,Jeff Rosen,,Sound,,2,nm0741982,0.6
1443067,Nicholas Korda,1945-01-15,Sound,2018-10-08,2,nm0004210,0.6
1454536,Simon Coke,,Sound,,2,nm0170073,0.84
1549201,Gary Lewis,,Sound,,2,nm0507206,0.6
1550601,Peter Bankins,,Art,,2,nm0052076,0.612
1554796,Randy Woodside,,Lighting,,2,nm0940857,0.6
1562009,John Isaacs,,Costume & Make-Up,,2,nm0410554,0.6
1565201,Joe Earle,,Sound,,2,nm0247288,0.98
1776984,Linda Keim,,Sound,,0,,0.98
1802698,Bill Rea,,Art,,0,nm0713727,0.6
1893559,John J. Smith,1944-01-01,Production,2013-09-10,2,nm0808804,0.6
2042491,John Haeny,,Sound,,2,nm0353039,0.6
2042497,George Tyson,,Sound,,0,,0.6
2042498,Jan Aaris,,Crew,,0,,0.6
2042501,Elena Spiotta,,Production,,0,,0.6
8851,Whitney Houston,1963-08-09,Acting,2012-02-11,1,nm0001365,4.698
9780,Angela Bassett,1958-08-16,Acting,,1,nm0000291,10.236
18284,Loretta Devine,1949-08-21,Acting,,1,nm0222643,2.301
51359,Lela Rochon,1964-04-17,Acting,,1,nm0005375,3.677
66804,Gregory Hines,1946-02-14,Acting,2003-08-09,2,nm0002138,5.786
352,Dennis Haysbert,1954-06-02,Acting,,2,nm0371660,15.966
87118,Michael Beach,1963-10-30,Acting,,2,nm0004729,9.513
34,Mykelti Williamson,1957-03-04,Acting,,2,nm0932112,13.457
1276777,Lamont Johnson,,Acting,,2,nm0425594,1.575
10814,Wesley Snipes,1962-07-31,Acting,,2,nm0000648,11.501
17859,Wendell Pierce,1963-12-08,Acting,,2,nm0682495,6.831
49002,Donald Faison,1974-06-22,Acting,,2,nm0265668,10.039
23681,Brandon Hammond,1984-02-06,Acting,,2,nm0358650,2.436
49276,Kenya Moore Daly,1971-01-24,Acting,,1,nm0601469,1.793
44822,Starletta DuPois,1941-07-18,Acting,,1,nm0210915,5.274
1197519,Delaina Mitchell,,Acting,,1,nm0593273,3.156
55965,Wren T. Brown,1964-06-11,Acting,,2,nm0114931,0.928
1212697,Jazz Raycole,1988-02-11,Acting,,1,nm0226934,7.077
103898,Jeffrey D. Sams,1966-09-01,Acting,,2,nm0760254,1.427
12974,Leon,1962-03-08,Acting,,2,nm0502442,8.242
4808,Giancarlo Esposito,1958-04-26,Acting,,2,nm0002064,16.312
11164,Kelly Preston,1962-10-13,Acting,2020-07-12,1,nm0000593,6.854
29051,L. Scott Caldwell,1950-04-17,Acting,,1,nm0129749,3.594
2147578,Hope Brown,,Acting,,0,,0.6
93351,Graham Galloway,,Acting,,0,nm0303175,0.98
2353171,Donyell Hinton,,Acting,,0,,0.6
1077894,Wanda-Lee Evans,,Acting,,0,nm0263298,1.646
1423514,Wally Bujack,,Acting,,0,nm0119698,0.6
1486764,Shari L. Carpenter,1961-07-14,Directing,,0,nm0139455,1.352
2178,Forest Whitaker,1961-07-15,Acting,,2,nm0001845,9.503
5144,Ronald Bass,1942-03-26,Writing,,2,nm0060103,2.139
5329,David Gropman,1952-06-16,Art,,2,nm0343222,0.6
7536,Judy L. Ruskin,,Costume & Make-Up,,1,nm0750827,1.551
8425,Richard Chew,1940-06-28,Editing,,2,nm0156816,0.6
21968,Ezra Swerdlow,,Production,,2,nm0842470,2.192
57709,Toyomichi Kurita,,Camera,,2,nm0475746,0.735
70592,Deborah Schindler,,Production,,1,nm0771834,2.453
111118,Terry McMillan,,Writing,,0,nm0573334,1.4
1079697,Kenneth Edmonds,1958-04-10,Acting,,2,nm0004892,0.84
1087695,Caron K,,Production,,0,nm0433845,0.6
